timestamp,device_id,temperature,humidity,pressure,light,sound,motion,battery,location
2025-04-26T16:45:19.584078,Device_47,24.93,50.15,1013.35,501,52,0,99.96,Room A
2025-04-26T16:45:19.594221,Device_41,24.95,49.28,1013.28,493,53,0,99.91,Room A
2025-04-26T16:45:19.604456,Device_19,25.05,49.19,1012.95,497,55,0,99.88,Room B
2025-04-26T16:45:19.614651,Device_50,24.94,49.34,1013.09,503,52,0,99.85,Outside
2025-04-26T16:45:19.624832,Device_18,24.77,49.34,1012.89,507,54,0,99.84,Room C
2025-04-26T16:45:19.635009,Device_18,24.77,48.58,1012.91,511,56,0,99.8,Room A
2025-04-26T16:45:19.645180,Device_50,24.67,47.61,1012.46,509,56,0,99.79,Room B
2025-04-26T16:45:19.655327,Device_19,24.55,46.83,1012.51,514,59,0,99.75,Room C
2025-04-26T16:45:19.665613,Device_33,24.58,46.18,1012.29,523,59,0,99.7,Room A
2025-04-26T16:45:19.675796,Device_1,24.42,47.11,1012.03,523,59,0,99.68,Outside
2025-04-26T16:45:19.685950,Device_11,24.51,46.99,1012.28,523,54,0,99.64,Room B
2025-04-26T16:45:19.696129,Device_10,24.41,46.32,1012.19,515,58,0,99.62,Outside
2025-04-26T16:45:19.706264,Device_19,24.41,45.93,1012.15,517,62,0,99.57,Room C
2025-04-26T16:45:19.716434,Device_38,24.23,46.43,1012.44,514,65,0,99.56,Room C
2025-04-26T16:45:19.726618,Device_9,24.25,46.78,1012.89,524,64,0,99.52,Room C
2025-04-26T16:45:19.736807,Device_39,24.08,46.02,1012.79,531,62,0,99.48,Room A
2025-04-26T16:45:19.746992,Device_9,24.16,46.48,1012.74,532,59,0,99.43,Outside
2025-04-26T16:45:19.757540,Device_14,24.05,46.93,1012.35,536,62,0,99.4,Room B
2025-04-26T16:45:19.767708,Device_33,24.15,47.47,1012.75,529,67,0,99.36,Outside
2025-04-26T16:45:19.777877,Device_17,24.19,48.08,1012.53,526,63,0,99.34,Room C
2025-04-26T16:45:19.788028,Device_26,24.32,47.85,1012.1,534,58,0,99.32,Outside
2025-04-26T16:45:19.798160,Device_26,24.4,47.3,1012.22,528,63,0,99.28,Room B
2025-04-26T16:45:19.808332,Device_5,24.42,46.41,1012.61,532,64,0,99.24,Room C
2025-04-26T16:45:19.818504,Device_31,24.37,45.84,1012.11,525,67,0,99.2,Room B
2025-04-26T16:45:19.828666,Device_29,24.23,46.51,1011.98,521,69,0,99.18,Outside
2025-04-26T16:45:19.838839,Device_13,24.1,46.2,1012.19,521,65,0,99.15,Outside
2025-04-26T16:45:19.848986,Device_33,23.94,46.15,1012.58,513,64,0,99.1,Room C
2025-04-26T16:45:19.860507,Device_29,23.91,46.29,1012.58,505,64,1,99.08,Room B
2025-04-26T16:45:19.870673,Device_30,24.05,47.26,1013.06,500,60,0,99.06,Room B
2025-04-26T16:45:19.881545,Device_50,23.85,46.89,1013.12,494,91,0,99.04,Room A
2025-04-26T16:45:19.891750,Device_13,23.78,47.67,1013.01,489,86,0,99.02,Room C
2025-04-26T16:45:19.901920,Device_33,23.89,47.73,1013.25,480,83,0,98.98,Room C
2025-04-26T16:45:19.912099,Device_28,23.86,47.41,1013.17,483,79,0,98.93,Room C
2025-04-26T16:45:19.922259,Device_8,23.74,47.16,1012.76,481,81,0,98.89,Room B
2025-04-26T16:45:19.932442,Device_47,23.78,47.29,1012.58,487,83,0,98.85,Room B
2025-04-26T16:45:19.942619,Device_13,23.75,46.72,1012.73,480,78,0,98.81,Room A
2025-04-26T16:45:19.952798,Device_25,23.77,45.97,1012.58,476,77,0,98.79,Outside
2025-04-26T16:45:19.962968,Device_35,23.95,45.52,1012.3,471,75,0,98.76,Room C
2025-04-26T16:45:19.973139,Device_50,23.8,45.29,1012.78,461,77,0,98.73,Room C
2025-04-26T16:45:19.983367,Device_33,23.79,45.4,1013.09,469,76,0,98.72,Room C
2025-04-26T16:45:19.993533,Device_46,23.98,45.17,1013.43,470,76,0,98.68,Room B
2025-04-26T16:45:20.003709,Device_37,23.96,44.31,1013.86,476,81,0,98.65,Room A
2025-04-26T16:45:20.013858,Device_2,23.91,44.92,1014.06,486,84,0,98.63,Room A
2025-04-26T16:45:20.023964,Device_34,23.74,44.21,1013.95,482,84,1,98.61,Room C
2025-04-26T16:45:20.034063,Device_47,23.86,44.33,1013.95,475,79,0,98.6,Room A
2025-04-26T16:45:20.044164,Device_46,23.7,44.67,1014.19,469,81,0,98.56,Outside
2025-04-26T16:45:20.054264,Device_6,23.5,45.05,1014.14,468,78,0,98.52,Room B
2025-04-26T16:45:20.064435,Device_27,23.53,44.1,1014.43,465,79,0,98.51,Outside
2025-04-26T16:45:20.075946,Device_41,23.45,43.67,1014.07,457,79,0,98.49,Room A
2025-04-26T16:45:20.086157,Device_11,23.37,44.63,1013.74,450,74,0,98.45,Room A
2025-04-26T16:45:20.096330,Device_36,23.38,44.13,1013.99,449,75,0,98.41,Room A
2025-04-26T16:45:20.106493,Device_8,23.39,44.57,1013.95,442,79,0,98.39,Room C
2025-04-26T16:45:20.116646,Device_43,23.55,45.3,1014.43,450,82,0,98.35,Room A
2025-04-26T16:45:20.126820,Device_10,23.51,45.92,1014.77,443,77,0,98.31,Room C
2025-04-26T16:45:20.136991,Device_21,23.45,45.15,1014.56,437,73,0,98.28,Outside
2025-04-26T16:45:20.147152,Device_24,23.37,44.93,1014.14,443,68,0,98.26,Room B
2025-04-26T16:45:20.157292,Device_28,23.33,45.93,1013.8,440,70,0,98.25,Room A
2025-04-26T16:45:20.167427,Device_27,23.28,46.08,1013.8,449,75,0,98.2,Room C
2025-04-26T16:45:20.177536,Device_4,23.12,46.21,1013.39,452,80,0,98.18,Room B
2025-04-26T16:45:20.187626,Device_13,23.23,46.54,1012.92,451,81,0,98.16,Outside
2025-04-26T16:45:20.197713,Device_45,23.43,47.07,1013.37,445,82,0,98.12,Room B
2025-04-26T16:45:20.207804,Device_38,23.51,46.75,1013.86,455,81,0,98.08,Outside
2025-04-26T16:45:20.217920,Device_13,23.64,46.87,1013.53,452,76,0,98.07,Outside
2025-04-26T16:45:20.228007,Device_14,23.71,47.52,1013.45,444,81,0,98.02,Room B
2025-04-26T16:45:20.238098,Device_1,23.75,48.37,1013.84,443,77,0,98.01,Outside
2025-04-26T16:45:20.248186,Device_13,23.94,47.41,1014.12,444,80,0,97.98,Room C
2025-04-26T16:45:20.258282,Device_33,23.8,47.79,1014.28,452,79,0,97.95,Room A
2025-04-26T16:45:20.268383,Device_36,23.84,47.78,1014.26,454,82,0,97.93,Room C
2025-04-26T16:45:20.278482,Device_21,24.02,47.17,1014.1,444,77,0,97.9,Room A
2025-04-26T16:45:20.288587,Device_17,24.21,47.53,1013.89,441,82,0,97.87,Room C
2025-04-26T16:45:20.298679,Device_28,24.08,47.4,1013.83,436,77,0,97.84,Room A
2025-04-26T16:45:20.308793,Device_17,24.11,47.61,1014.3,437,79,0,97.81,Room C
2025-04-26T16:45:20.318883,Device_23,23.92,46.76,1013.81,447,83,0,97.8,Room C
2025-04-26T16:45:20.328967,Device_7,23.86,45.9,1013.99,437,80,0,97.79,Room C
2025-04-26T16:45:20.339055,Device_13,23.79,45.84,1014.39,436,84,0,97.74,Room B
2025-04-26T16:45:20.349144,Device_40,23.73,45.92,1014.58,443,82,0,97.69,Room B
2025-04-26T16:45:20.359244,Device_24,23.66,45.53,1014.79,441,78,0,97.64,Room B
2025-04-26T16:45:20.369412,Device_32,23.66,45.24,1014.36,438,75,1,97.63,Outside
2025-04-26T16:45:20.379560,Device_28,23.68,44.66,1014.8,435,79,0,97.61,Room A
2025-04-26T16:45:20.389724,Device_4,23.67,45.34,1015.13,439,76,0,97.57,Outside
2025-04-26T16:45:20.399897,Device_40,23.82,45.17,1014.75,435,76,0,97.53,Room C
2025-04-26T16:45:20.410048,Device_25,23.97,44.49,1014.88,445,74,0,97.49,Room C
2025-04-26T16:45:20.420216,Device_2,23.83,44.97,1014.64,449,79,0,97.47,Room B
2025-04-26T16:45:20.430387,Device_40,23.69,45.09,1015.13,439,76,0,97.44,Room B
2025-04-26T16:45:20.440557,Device_26,23.57,46.05,1015.16,429,77,0,97.4,Room A
2025-04-26T16:45:20.450731,Device_47,23.51,47.0,1015.41,434,75,0,97.38,Room B
2025-04-26T16:45:20.460878,Device_5,23.7,47.88,1015.72,427,74,0,97.34,Room A
2025-04-26T16:45:20.471024,Device_6,23.69,46.94,1015.44,421,74,0,97.33,Room A
2025-04-26T16:45:20.481194,Device_29,23.79,46.77,1015.66,414,73,0,97.31,Outside
2025-04-26T16:45:20.491342,Device_22,23.68,46.26,1015.88,415,69,0,97.28,Room B
2025-04-26T16:45:20.501459,Device_3,23.56,46.18,1016.34,423,68,0,97.25,Outside
2025-04-26T16:45:20.511568,Device_16,23.41,46.64,1016.48,423,73,0,97.23,Room A
2025-04-26T16:45:20.521699,Device_20,23.36,45.65,1016.73,417,70,0,97.22,Room A
2025-04-26T16:45:20.531794,Device_45,23.56,45.46,1016.56,419,68,0,97.2,Room A
2025-04-26T16:45:20.541890,Device_5,23.73,45.04,1016.2,409,69,0,97.18,Room A
2025-04-26T16:45:20.551998,Device_35,23.54,45.51,1016.22,418,69,0,97.14,Room B
2025-04-26T16:45:20.562177,Device_29,23.63,45.4,1016.7,421,74,0,97.13,Room C
2025-04-26T16:45:20.572326,Device_32,23.46,46.26,1017.12,425,71,0,97.1,Outside
2025-04-26T16:45:20.582458,Device_5,23.38,45.31,1016.66,415,69,0,97.07,Room A
2025-04-26T16:45:20.592559,Device_19,23.19,45.78,1016.5,425,72,0,97.03,Room A
2025-04-26T16:45:20.602655,Device_44,23.17,46.7,1016.82,415,68,0,97.01,Outside
2025-04-26T16:45:20.612711,Device_12,23.03,47.44,1016.9,423,72,0,96.96,Room C
2025-04-26T16:45:20.622852,Device_14,22.9,47.37,1017.01,423,71,0,96.95,Room A
2025-04-26T16:45:20.632952,Device_9,22.73,47.71,1017.34,418,75,0,96.9,Room B
2025-04-26T16:45:20.643047,Device_26,22.7,48.18,1017.03,421,72,0,96.86,Outside
2025-04-26T16:45:20.653146,Device_5,22.52,48.15,1017.52,419,76,0,96.83,Room B
2025-04-26T16:45:20.663252,Device_15,22.48,47.15,1017.09,422,71,0,96.81,Room B
2025-04-26T16:45:20.673351,Device_33,22.4,47.07,1017.09,425,68,0,96.77,Outside
2025-04-26T16:45:20.683438,Device_38,22.55,46.68,1017.02,421,72,0,96.73,Room A
2025-04-26T16:45:20.693554,Device_48,22.6,46.47,1017.16,420,70,0,96.71,Room A
2025-04-26T16:45:20.703708,Device_40,22.72,46.64,1016.77,428,73,0,96.69,Room A
2025-04-26T16:45:20.713822,Device_20,22.7,47.14,1016.36,420,74,0,96.65,Room B
2025-04-26T16:45:20.723945,Device_30,22.75,47.43,1016.47,411,78,0,96.63,Room B
2025-04-26T16:45:20.734041,Device_50,22.82,47.52,1016.37,410,81,0,96.58,Room A
2025-04-26T16:45:20.744173,Device_24,22.86,46.8,1016.87,401,79,0,96.55,Room C
2025-04-26T16:45:20.754273,Device_11,22.7,46.71,1017.31,392,74,0,96.53,Outside
2025-04-26T16:45:20.764919,Device_40,22.77,45.84,1017.62,385,77,0,96.5,Room A
2025-04-26T16:45:20.775111,Device_32,22.94,46.71,1017.87,379,76,0,96.48,Room C
2025-04-26T16:45:20.785280,Device_39,22.79,46.7,1018.26,379,77,0,96.44,Room A
2025-04-26T16:45:20.796679,Device_39,22.87,45.9,1018.48,380,81,0,96.41,Outside
2025-04-26T16:45:20.806851,Device_41,22.85,45.61,1018.13,371,84,0,96.39,Room A
2025-04-26T16:45:20.816990,Device_5,22.82,45.18,1017.92,367,81,0,96.38,Outside
2025-04-26T16:45:20.827139,Device_37,22.87,44.39,1018.14,372,85,0,96.35,Room C
2025-04-26T16:45:20.837290,Device_3,22.84,45.09,1018.08,382,90,0,96.33,Room B
2025-04-26T16:45:20.847423,Device_8,22.67,44.99,1018.55,389,85,0,96.31,Room C
2025-04-26T16:45:20.859719,Device_9,22.52,45.0,1018.54,383,87,0,96.28,Room A
2025-04-26T16:45:20.869895,Device_33,22.61,44.09,1018.55,375,84,0,96.25,Room A
2025-04-26T16:45:20.880060,Device_48,22.68,44.52,1018.23,367,89,0,96.21,Room B
2025-04-26T16:45:20.890228,Device_49,22.51,45.28,1018.66,365,93,0,96.19,Room A
2025-04-26T16:45:20.900915,Device_7,22.39,46.1,1019.11,367,90,0,96.15,Room B
2025-04-26T16:45:20.911082,Device_3,22.25,46.11,1019.54,361,92,0,96.1,Room C
2025-04-26T16:45:20.921243,Device_18,22.15,45.92,1019.59,370,94,0,96.06,Outside
2025-04-26T16:45:20.931398,Device_35,22.2,45.82,1019.86,364,96,0,96.04,Room A
2025-04-26T16:45:20.941556,Device_29,22.23,46.35,1020.1,368,98,0,96.01,Room B
2025-04-26T16:45:20.951745,Device_39,22.07,46.26,1020.06,376,98,0,95.99,Room B
2025-04-26T16:45:20.961894,Device_23,22.18,46.0,1019.65,377,103,0,95.95,Room C
2025-04-26T16:45:20.973756,Device_40,22.03,46.74,1019.57,369,105,0,95.94,Room B
2025-04-26T16:45:20.983938,Device_16,21.84,47.14,1019.32,376,107,0,95.91,Room B
2025-04-26T16:45:20.994095,Device_14,21.86,47.75,1018.93,373,111,0,95.9,Room C
2025-04-26T16:45:21.004277,Device_7,22.05,47.28,1018.67,368,115,0,95.87,Room A
2025-04-26T16:45:21.014445,Device_6,21.87,47.43,1018.81,360,120,0,95.85,Room B
2025-04-26T16:45:21.024609,Device_50,21.97,46.71,1018.93,359,118,0,95.84,Room A
2025-04-26T16:45:21.034725,Device_22,22.1,47.3,1018.51,350,118,0,95.79,Room B
2025-04-26T16:45:21.044888,Device_41,22.3,46.64,1018.41,354,118,0,95.76,Room B
2025-04-26T16:45:21.057718,Device_17,22.34,47.41,1018.85,364,113,1,95.71,Outside
2025-04-26T16:45:21.067861,Device_23,22.34,47.22,1019.13,356,114,0,95.68,Room C
2025-04-26T16:45:21.078024,Device_22,22.48,46.99,1019.63,364,109,0,95.63,Outside
2025-04-26T16:45:21.088187,Device_34,22.34,46.78,1019.29,355,106,0,95.6,Room C
2025-04-26T16:45:21.098359,Device_8,22.52,46.49,1019.52,360,106,0,95.57,Room B
2025-04-26T16:45:21.108515,Device_13,22.5,46.3,1019.56,354,102,0,95.55,Outside
2025-04-26T16:45:21.118699,Device_44,22.59,45.57,1019.61,361,103,0,95.51,Room A
2025-04-26T16:45:21.128826,Device_4,22.69,46.51,1019.41,363,106,0,95.46,Room A
2025-04-26T16:45:21.139722,Device_28,22.57,46.31,1019.12,367,104,0,95.44,Room C
2025-04-26T16:45:21.150757,Device_33,22.64,47.2,1018.86,359,109,0,95.39,Outside
2025-04-26T16:45:21.160911,Device_14,22.75,47.82,1019.28,368,106,0,95.35,Room C
2025-04-26T16:45:21.171011,Device_44,22.92,47.58,1019.31,376,109,0,95.33,Room A
2025-04-26T16:45:21.181128,Device_44,22.79,47.63,1019.76,371,109,0,95.31,Room B
2025-04-26T16:45:21.191247,Device_1,22.77,47.43,1019.72,378,111,0,95.27,Room B
2025-04-26T16:45:21.201400,Device_21,22.92,46.64,1019.91,377,106,0,95.25,Room C
2025-04-26T16:45:21.211522,Device_38,23.02,47.26,1019.59,386,109,0,95.23,Room C
2025-04-26T16:45:21.221634,Device_22,23.01,46.48,1019.29,378,107,0,95.21,Room A
2025-04-26T16:45:21.232606,Device_15,23.19,46.33,1019.04,381,111,0,95.17,Room C
2025-04-26T16:45:21.243900,Device_26,23.09,46.36,1018.59,391,113,0,95.15,Room C
2025-04-26T16:45:21.254062,Device_28,23.11,46.03,1018.33,385,116,0,95.12,Room B
2025-04-26T16:45:21.264229,Device_1,23.16,46.52,1018.19,385,117,0,95.09,Room C
2025-04-26T16:45:21.274346,Device_44,23.12,47.43,1018.31,382,120,0,95.05,Outside
2025-04-26T16:45:21.284460,Device_32,23.09,48.22,1018.54,376,120,0,95.04,Room C
2025-04-26T16:45:21.294632,Device_27,23.24,48.19,1018.37,370,117,0,95.01,Outside
2025-04-26T16:45:21.304790,Device_41,23.11,48.91,1018.35,363,120,0,94.97,Room B
2025-04-26T16:45:21.314934,Device_31,23.25,48.62,1017.97,368,120,0,94.94,Room C
2025-04-26T16:45:21.325084,Device_1,23.34,49.26,1017.82,366,120,0,94.91,Room C
2025-04-26T16:45:21.335279,Device_33,23.5,50.15,1018.02,361,116,0,94.89,Room A
2025-04-26T16:45:21.345442,Device_18,23.37,50.77,1018.02,369,120,0,94.86,Room B
2025-04-26T16:45:21.355587,Device_28,23.32,50.38,1017.72,371,116,0,94.83,Room B
2025-04-26T16:45:21.365679,Device_1,23.23,49.95,1017.52,361,111,0,94.82,Room C
2025-04-26T16:45:21.375833,Device_6,23.09,49.28,1018.0,371,109,0,94.77,Room A
2025-04-26T16:45:21.385968,Device_47,23.13,49.26,1017.66,367,109,0,94.74,Room C
2025-04-26T16:45:21.396078,Device_50,23.15,48.99,1018.07,363,105,0,94.71,Room A
2025-04-26T16:45:21.406187,Device_16,22.99,48.15,1018.23,373,107,0,94.68,Outside
2025-04-26T16:45:21.416291,Device_48,22.81,47.97,1018.57,368,106,0,94.64,Room C
2025-04-26T16:45:21.426392,Device_5,22.68,48.08,1018.5,358,108,0,94.61,Room C
2025-04-26T16:45:21.436489,Device_6,22.84,47.31,1018.81,362,111,0,94.58,Room C
2025-04-26T16:45:21.446595,Device_14,22.76,47.94,1018.35,362,109,0,94.56,Room A
2025-04-26T16:45:21.456720,Device_29,22.68,47.2,1018.49,371,112,0,94.55,Room B
2025-04-26T16:45:21.466884,Device_45,22.56,47.14,1018.12,365,116,0,94.51,Room A
2025-04-26T16:45:21.477042,Device_11,22.56,46.52,1018.42,363,118,0,94.46,Room B
2025-04-26T16:45:21.487154,Device_46,22.75,46.41,1018.74,372,116,0,94.43,Room B
2025-04-26T16:45:21.497302,Device_33,22.55,46.89,1018.86,373,119,0,94.41,Room C
2025-04-26T16:45:21.507418,Device_32,22.56,47.43,1018.63,381,120,0,94.4,Outside
2025-04-26T16:45:21.517520,Device_4,22.54,48.06,1018.37,386,119,0,94.38,Room C
2025-04-26T16:45:21.527616,Device_36,22.69,48.69,1018.29,386,114,1,94.35,Outside
2025-04-26T16:45:21.537715,Device_47,22.53,48.5,1018.06,385,117,0,94.3,Room A
2025-04-26T16:45:21.547823,Device_28,22.38,47.98,1018.43,386,112,0,94.29,Outside
2025-04-26T16:45:21.557972,Device_6,22.18,48.72,1018.87,392,110,0,94.25,Room C
2025-04-26T16:45:21.568134,Device_34,22.22,49.45,1019.36,385,112,0,94.23,Room B
2025-04-26T16:45:21.578308,Device_2,22.27,49.63,1019.54,388,109,0,94.21,Room B
2025-04-26T16:45:21.588482,Device_9,22.24,50.53,1019.66,384,104,0,94.17,Room A
2025-04-26T16:45:21.598647,Device_37,22.04,51.25,1019.78,388,105,0,94.13,Room C
2025-04-26T16:45:21.608824,Device_17,22.14,51.28,1019.92,398,101,0,94.09,Outside
2025-04-26T16:45:21.618995,Device_21,21.97,51.93,1019.71,407,102,0,94.08,Room B
2025-04-26T16:45:21.629152,Device_13,22.12,52.79,1019.87,411,102,0,94.04,Room A
2025-04-26T16:45:21.639322,Device_33,21.99,51.96,1020.13,409,120,0,94.01,Room C
2025-04-26T16:45:21.649487,Device_32,22.19,51.81,1019.94,419,116,0,93.98,Room A
2025-04-26T16:45:21.659655,Device_44,22.09,52.78,1020.12,429,119,0,93.95,Room B
2025-04-26T16:45:21.669881,Device_42,22.27,52.16,1019.9,420,115,0,93.92,Room A
2025-04-26T16:45:21.680066,Device_28,22.42,51.26,1020.23,415,115,0,93.87,Room A
2025-04-26T16:45:21.690268,Device_21,22.41,51.97,1019.73,419,114,0,93.84,Room A
2025-04-26T16:45:21.700452,Device_42,22.61,52.78,1019.37,412,114,0,93.8,Outside
2025-04-26T16:45:21.710617,Device_45,22.51,52.07,1019.47,403,111,0,93.76,Room C
2025-04-26T16:45:21.720802,Device_6,22.65,52.75,1019.6,396,111,0,93.73,Room A
2025-04-26T16:45:21.730966,Device_49,22.68,53.11,1019.88,395,109,0,93.69,Room C
2025-04-26T16:45:21.741132,Device_30,22.71,53.08,1019.76,402,111,0,93.66,Room A
2025-04-26T16:45:21.751300,Device_14,22.56,52.78,1020.13,401,112,0,93.63,Room A
2025-04-26T16:45:21.761466,Device_21,22.6,52.3,1019.99,397,116,0,93.62,Room B
2025-04-26T16:45:21.771625,Device_29,22.63,53.0,1020.22,387,115,0,93.6,Outside
2025-04-26T16:45:21.781801,Device_30,22.52,53.77,1020.57,380,113,0,93.59,Room B
2025-04-26T16:45:21.791969,Device_44,22.59,54.08,1020.91,372,111,0,93.55,Room C
2025-04-26T16:45:21.802122,Device_38,22.71,53.86,1020.54,366,114,0,93.54,Room C
2025-04-26T16:45:21.812295,Device_19,22.69,54.17,1020.94,370,112,0,93.52,Room B
2025-04-26T16:45:21.822402,Device_22,22.74,53.55,1021.25,374,109,0,93.5,Outside
2025-04-26T16:45:21.833401,Device_11,22.6,52.87,1020.85,378,113,0,93.46,Room B
2025-04-26T16:45:21.843566,Device_15,22.45,52.18,1021.09,388,110,0,93.44,Room C
2025-04-26T16:45:21.853742,Device_35,22.44,51.45,1021.4,387,115,0,93.42,Room B
2025-04-26T16:45:21.863903,Device_43,22.42,50.74,1021.76,393,120,0,93.41,Outside
2025-04-26T16:45:21.874058,Device_21,22.51,51.56,1022.1,402,118,0,93.4,Room B
2025-04-26T16:45:21.884210,Device_43,22.64,51.66,1022.2,407,120,0,93.38,Room C
2025-04-26T16:45:21.894364,Device_39,22.69,52.3,1021.88,404,120,0,93.36,Room B
2025-04-26T16:45:21.904541,Device_49,22.64,51.71,1021.7,409,120,0,93.32,Outside
2025-04-26T16:45:21.914704,Device_20,22.49,51.49,1022.15,407,120,0,93.28,Room A
2025-04-26T16:45:21.924850,Device_35,22.35,51.85,1021.88,413,120,0,93.24,Room B
2025-04-26T16:45:21.934997,Device_35,22.22,51.71,1021.9,416,120,0,93.2,Room A
2025-04-26T16:45:21.945146,Device_10,22.04,50.89,1022.11,424,120,0,93.15,Room B
2025-04-26T16:45:21.955287,Device_22,22.16,50.73,1022.17,425,115,0,93.12,Room A
2025-04-26T16:45:21.965539,Device_42,22.03,50.71,1022.5,429,110,0,93.08,Room C
2025-04-26T16:45:21.975687,Device_49,21.92,50.11,1022.37,436,105,0,93.05,Room A
2025-04-26T16:45:21.985880,Device_25,21.8,49.3,1021.92,439,104,0,93.04,Room B
2025-04-26T16:45:21.996038,Device_25,21.69,49.57,1021.79,438,109,0,92.99,Room C
2025-04-26T16:45:22.006202,Device_38,21.76,50.24,1021.86,438,108,0,92.96,Room B
2025-04-26T16:45:22.016335,Device_12,21.83,50.64,1022.2,443,108,0,92.94,Outside
2025-04-26T16:45:22.026505,Device_37,21.72,51.41,1022.41,438,104,0,92.9,Room B
2025-04-26T16:45:22.036765,Device_38,21.79,50.43,1022.17,433,109,0,92.88,Outside
2025-04-26T16:45:22.046927,Device_21,21.87,49.69,1022.57,432,113,0,92.87,Outside
2025-04-26T16:45:22.057838,Device_45,21.9,48.86,1022.43,425,111,0,92.83,Outside
2025-04-26T16:45:22.069738,Device_44,22.02,48.01,1022.37,435,111,0,92.79,Room A
2025-04-26T16:45:22.079879,Device_27,21.9,47.73,1021.92,442,108,0,92.75,Room C
2025-04-26T16:45:22.090371,Device_39,21.74,46.83,1021.65,451,113,0,92.72,Room A
2025-04-26T16:45:22.100529,Device_29,21.84,46.6,1022.0,456,108,0,92.68,Room A
2025-04-26T16:45:22.110645,Device_39,21.8,46.55,1022.48,446,106,0,92.66,Room C
2025-04-26T16:45:22.120809,Device_48,21.62,45.65,1022.45,439,111,0,92.62,Room B
2025-04-26T16:45:22.130967,Device_41,21.56,46.28,1022.85,448,111,0,92.58,Room B
2025-04-26T16:45:22.141123,Device_18,21.62,45.81,1023.3,438,113,0,92.55,Room A
2025-04-26T16:45:22.151286,Device_31,21.65,45.95,1022.86,435,112,0,92.51,Room A
2025-04-26T16:45:22.161459,Device_4,21.64,46.75,1022.38,442,114,0,92.48,Room A
2025-04-26T16:45:22.171618,Device_37,21.53,47.36,1022.09,446,114,0,92.46,Room A
2025-04-26T16:45:22.181738,Device_3,21.41,47.96,1021.78,453,116,0,92.43,Outside
2025-04-26T16:45:22.191840,Device_8,21.42,48.77,1021.95,448,119,0,92.4,Room B
2025-04-26T16:45:22.201938,Device_41,21.55,49.32,1022.43,443,119,0,92.37,Room C
2025-04-26T16:45:22.212032,Device_29,21.62,49.13,1021.98,440,120,0,92.33,Room C
2025-04-26T16:45:22.222143,Device_25,21.64,48.26,1021.7,438,116,0,92.3,Room C
2025-04-26T16:45:22.232235,Device_27,21.72,47.6,1021.72,432,119,0,92.28,Outside
2025-04-26T16:45:22.242332,Device_7,21.57,47.7,1021.87,438,116,0,92.25,Room A
2025-04-26T16:45:22.252431,Device_25,21.54,48.69,1022.31,429,113,0,92.24,Room A
2025-04-26T16:45:22.262546,Device_39,21.68,48.85,1022.45,434,113,0,92.2,Room B
2025-04-26T16:45:22.272650,Device_14,21.66,49.41,1022.48,434,114,0,92.18,Outside
2025-04-26T16:45:22.282746,Device_43,21.62,48.53,1022.0,441,112,0,92.15,Room B
2025-04-26T16:45:22.292850,Device_31,21.73,48.13,1022.28,432,110,0,92.12,Room B
2025-04-26T16:45:22.302970,Device_37,21.93,48.47,1022.57,434,108,0,92.11,Room B
2025-04-26T16:45:22.313041,Device_5,22.11,48.16,1022.25,443,109,0,92.08,Outside
2025-04-26T16:45:22.323174,Device_9,22.13,47.29,1021.99,441,114,0,92.05,Room C
2025-04-26T16:45:22.333289,Device_26,22.21,47.72,1021.84,434,112,0,92.0,Room B
2025-04-26T16:45:22.343408,Device_26,22.13,47.61,1021.88,440,108,0,91.95,Room A
2025-04-26T16:45:22.353546,Device_15,22.19,47.78,1021.63,445,105,0,91.91,Room B
2025-04-26T16:45:22.363712,Device_34,22.36,47.67,1021.97,451,108,0,91.9,Room A
2025-04-26T16:45:22.373808,Device_29,22.52,47.5,1022.33,444,112,0,91.89,Room B
2025-04-26T16:45:22.383907,Device_6,22.54,47.85,1022.78,451,107,0,91.84,Room B
2025-04-26T16:45:22.394004,Device_31,22.69,47.97,1022.73,450,107,0,91.82,Room C
2025-04-26T16:45:22.404091,Device_12,22.72,47.57,1023.04,445,102,0,91.78,Room B
2025-04-26T16:45:22.414203,Device_50,22.58,48.46,1022.69,454,99,0,91.75,Room C
2025-04-26T16:45:22.424307,Device_29,22.6,47.76,1022.62,445,96,0,91.73,Outside
2025-04-26T16:45:22.434431,Device_24,22.76,47.24,1022.72,443,100,0,91.71,Room C
2025-04-26T16:45:22.444580,Device_25,22.75,48.22,1022.38,447,103,0,91.67,Outside
2025-04-26T16:45:22.454730,Device_34,22.88,47.5,1022.13,450,106,0,91.63,Room C
2025-04-26T16:45:22.464890,Device_19,23.06,46.62,1022.42,460,110,0,91.58,Room C
2025-04-26T16:45:22.475005,Device_50,23.18,46.15,1022.53,451,108,0,91.56,Room A
2025-04-26T16:45:22.485108,Device_3,23.07,46.71,1022.32,449,103,0,91.53,Room C
2025-04-26T16:45:22.495222,Device_24,23.07,47.2,1022.58,453,104,0,91.49,Room A
2025-04-26T16:45:22.505327,Device_24,23.15,47.21,1022.74,445,103,0,91.48,Outside
2025-04-26T16:45:22.515426,Device_23,23.14,47.17,1023.12,455,103,0,91.46,Outside
2025-04-26T16:45:22.525529,Device_15,23.14,47.99,1023.38,461,104,0,91.45,Room A
2025-04-26T16:45:22.535620,Device_25,23.03,48.61,1023.79,460,103,0,91.43,Outside
2025-04-26T16:45:22.545722,Device_21,23.18,48.35,1023.89,452,107,0,91.39,Room B
2025-04-26T16:45:22.555824,Device_28,22.98,47.9,1024.37,442,105,0,91.34,Room C
2025-04-26T16:45:22.565919,Device_10,23.16,48.53,1024.79,447,101,0,91.31,Room A
2025-04-26T16:45:22.576037,Device_11,23.28,47.91,1025.02,437,102,0,91.28,Room B
2025-04-26T16:45:22.586194,Device_14,23.26,48.38,1024.58,442,97,0,91.23,Room B
2025-04-26T16:45:22.596336,Device_18,23.35,48.41,1024.96,448,102,0,91.19,Outside
2025-04-26T16:45:22.606450,Device_22,23.24,49.37,1025.05,458,99,0,91.16,Outside
2025-04-26T16:45:22.616558,Device_37,23.3,48.47,1024.83,452,96,0,91.13,Room B
2025-04-26T16:45:22.626676,Device_14,23.2,48.86,1025.29,445,99,0,91.1,Room C
2025-04-26T16:45:22.636821,Device_25,23.23,48.86,1025.45,452,103,0,91.05,Room C
2025-04-26T16:45:22.646922,Device_21,23.25,48.55,1025.31,457,107,0,91.04,Outside
2025-04-26T16:45:22.657022,Device_14,23.28,49.49,1025.19,460,104,0,91.0,Room A
2025-04-26T16:45:22.667138,Device_3,23.41,50.19,1024.88,466,104,0,90.97,Outside
2025-04-26T16:45:22.677261,Device_24,23.43,50.56,1025.22,470,105,0,90.96,Room C
2025-04-26T16:45:22.687367,Device_5,23.43,50.08,1024.89,475,108,0,90.94,Room B
2025-04-26T16:45:22.697581,Device_44,23.38,50.69,1024.72,468,109,0,90.91,Room C
2025-04-26T16:45:22.707742,Device_23,23.29,51.19,1024.36,467,110,0,90.87,Room A
2025-04-26T16:45:22.717924,Device_43,23.46,50.86,1023.93,477,115,0,90.85,Room A
2025-04-26T16:45:22.728074,Device_36,23.5,50.87,1023.98,476,117,0,90.84,Room A
2025-04-26T16:45:22.738210,Device_22,23.7,51.12,1023.6,474,120,0,90.81,Room A
2025-04-26T16:45:22.748325,Device_41,23.8,51.96,1024.07,479,120,0,90.78,Room C
2025-04-26T16:45:22.758449,Device_17,23.86,52.02,1023.75,479,120,0,90.74,Room A
2025-04-26T16:45:22.768596,Device_43,23.93,51.93,1023.87,481,116,0,90.72,Room A
2025-04-26T16:45:22.778738,Device_11,23.79,52.6,1023.59,475,117,0,90.69,Room C
2025-04-26T16:45:22.788860,Device_32,23.94,53.46,1023.97,484,119,0,90.66,Room A
2025-04-26T16:45:22.798967,Device_39,24.09,53.12,1023.96,475,120,0,90.64,Room A
2025-04-26T16:45:22.809078,Device_38,24.25,52.66,1024.38,474,116,0,90.63,Room A
2025-04-26T16:45:22.819181,Device_36,24.35,52.38,1024.64,477,118,0,90.59,Room B
2025-04-26T16:45:22.829278,Device_9,24.21,51.52,1024.62,476,118,0,90.55,Room C
2025-04-26T16:45:22.839380,Device_41,24.24,52.29,1024.66,483,120,0,90.5,Room A
2025-04-26T16:45:22.849488,Device_27,24.34,52.3,1024.56,480,118,0,90.46,Room A
2025-04-26T16:45:22.859592,Device_31,24.54,51.57,1024.58,475,118,0,90.44,Room C
2025-04-26T16:45:22.872721,Device_44,24.71,51.3,1024.42,468,114,0,90.39,Room C
2025-04-26T16:45:22.882886,Device_19,24.58,51.23,1024.85,463,118,0,90.36,Outside
2025-04-26T16:45:22.893046,Device_26,24.64,50.88,1025.03,457,113,0,90.32,Room A
2025-04-26T16:45:22.903202,Device_46,24.75,51.12,1024.55,460,112,0,90.27,Room C
2025-04-26T16:45:22.913318,Device_29,24.81,50.66,1024.65,453,110,0,90.22,Outside
2025-04-26T16:45:22.923415,Device_4,24.8,49.86,1025.09,450,111,0,90.18,Outside
2025-04-26T16:45:22.933527,Device_2,24.84,49.05,1024.79,445,111,0,90.15,Room A
2025-04-26T16:45:22.943710,Device_26,24.82,48.61,1024.85,437,107,0,90.12,Room C
2025-04-26T16:45:22.953813,Device_36,24.92,48.2,1024.42,442,110,0,90.07,Room B
2025-04-26T16:45:22.963913,Device_34,25.11,48.62,1024.75,452,115,0,90.03,Outside
2025-04-26T16:45:22.974021,Device_1,25.02,48.55,1024.67,453,117,0,89.99,Room B
2025-04-26T16:45:22.984210,Device_9,24.97,48.24,1025.14,444,114,0,89.98,Room C
2025-04-26T16:45:22.994360,Device_36,24.92,47.93,1024.99,452,114,0,89.93,Outside
2025-04-26T16:45:23.004518,Device_39,24.98,48.11,1024.69,446,110,0,89.9,Room C
2025-04-26T16:45:23.014617,Device_14,25.03,48.47,1024.68,452,112,0,89.87,Outside
2025-04-26T16:45:23.024728,Device_32,24.93,49.06,1025.06,457,113,0,89.84,Outside
2025-04-26T16:45:23.034880,Device_25,24.9,48.87,1024.64,449,109,0,89.83,Outside
2025-04-26T16:45:23.045029,Device_46,24.78,48.15,1025.13,441,109,0,89.8,Room A
2025-04-26T16:45:23.055507,Device_45,24.89,48.87,1025.13,438,109,0,89.77,Room A
2025-04-26T16:45:23.065660,Device_26,24.7,48.82,1025.42,428,106,0,89.75,Room A
2025-04-26T16:45:23.075827,Device_25,24.72,49.58,1025.61,429,111,0,89.71,Room C
2025-04-26T16:45:23.086764,Device_9,24.67,48.73,1025.47,426,112,0,89.67,Room B
2025-04-26T16:45:23.096929,Device_7,24.66,49.54,1025.91,422,107,0,89.62,Room C
2025-04-26T16:45:23.107102,Device_12,24.56,49.9,1025.44,424,105,0,89.61,Outside
2025-04-26T16:45:23.117268,Device_26,24.57,49.8,1025.18,433,102,0,89.59,Room C
2025-04-26T16:45:23.127415,Device_22,24.71,49.76,1025.22,431,103,0,89.58,Outside
2025-04-26T16:45:23.137589,Device_42,24.78,49.17,1025.14,429,120,0,89.55,Room B
2025-04-26T16:45:23.147722,Device_27,24.97,48.71,1024.82,428,120,0,89.51,Outside
2025-04-26T16:45:23.157863,Device_43,25.02,49.16,1025.06,427,115,0,89.5,Room B
2025-04-26T16:45:23.168026,Device_50,25.2,49.56,1024.87,423,120,0,89.47,Room B
2025-04-26T16:45:23.178176,Device_47,25.03,49.61,1024.54,417,119,0,89.45,Room C
2025-04-26T16:45:23.188339,Device_15,24.84,49.37,1024.9,423,114,0,89.44,Room B
2025-04-26T16:45:23.198504,Device_16,24.7,49.72,1025.2,418,110,0,89.42,Outside
2025-04-26T16:45:23.208666,Device_32,24.52,49.06,1025.55,411,108,0,89.41,Room A
2025-04-26T16:45:23.218834,Device_1,24.41,49.55,1025.82,401,110,0,89.37,Outside
2025-04-26T16:45:23.228983,Device_34,24.58,49.98,1025.33,394,107,0,89.35,Room A
2025-04-26T16:45:23.239130,Device_42,24.56,49.21,1025.81,384,112,0,89.32,Room C
2025-04-26T16:45:23.249287,Device_4,24.51,48.68,1025.78,375,107,0,89.3,Outside
2025-04-26T16:45:23.259561,Device_32,24.34,48.43,1025.35,371,110,0,89.26,Room B
2025-04-26T16:45:23.269747,Device_31,24.42,49.28,1025.33,380,112,0,89.23,Outside
2025-04-26T16:45:23.279904,Device_3,24.37,50.25,1025.44,386,109,0,89.19,Outside
2025-04-26T16:45:23.290050,Device_7,24.25,49.33,1025.43,396,108,0,89.16,Room B
2025-04-26T16:45:23.300162,Device_3,24.24,49.51,1024.93,401,112,0,89.12,Room C
2025-04-26T16:45:23.310274,Device_44,24.33,49.33,1025.05,395,110,0,89.11,Room C
2025-04-26T16:45:23.320383,Device_4,24.42,49.91,1024.59,400,108,0,89.09,Outside
2025-04-26T16:45:23.330499,Device_13,24.42,49.18,1024.13,406,113,0,89.06,Room A
2025-04-26T16:45:23.340654,Device_3,24.27,50.17,1023.97,415,118,0,89.04,Room A
2025-04-26T16:45:23.350794,Device_10,24.09,50.01,1023.56,416,119,0,89.02,Room B
2025-04-26T16:45:23.360910,Device_50,24.22,49.31,1023.36,411,115,0,89.0,Outside
2025-04-26T16:45:23.371027,Device_40,24.13,50.28,1023.13,416,116,0,88.97,Outside
2025-04-26T16:45:23.381148,Device_29,24.08,50.0,1022.93,421,120,0,88.94,Room C
2025-04-26T16:45:23.391294,Device_43,23.97,49.46,1022.75,419,120,0,88.91,Outside
2025-04-26T16:45:23.401412,Device_44,24.05,49.24,1022.97,421,119,0,88.89,Room A
2025-04-26T16:45:23.411518,Device_29,24.14,48.26,1022.97,426,116,0,88.86,Room A
2025-04-26T16:45:23.421626,Device_44,24.06,47.57,1023.34,427,118,0,88.84,Room B
2025-04-26T16:45:23.431728,Device_3,23.98,47.79,1023.77,431,117,0,88.8,Room C
2025-04-26T16:45:23.441836,Device_42,23.84,47.52,1023.93,437,115,0,88.79,Room B
2025-04-26T16:45:23.451939,Device_47,23.93,48.24,1024.31,444,110,0,88.74,Room A
2025-04-26T16:45:23.462044,Device_39,24.01,47.43,1024.17,450,112,0,88.7,Room B
2025-04-26T16:45:23.472153,Device_23,24.14,48.43,1024.6,454,112,0,88.67,Room C
2025-04-26T16:45:23.482254,Device_45,24.1,47.89,1024.42,455,109,0,88.65,Room B
2025-04-26T16:45:23.492358,Device_10,24.09,48.78,1024.59,465,107,0,88.6,Room A
2025-04-26T16:45:23.502473,Device_14,24.19,49.41,1024.52,457,112,0,88.59,Outside
2025-04-26T16:45:23.512568,Device_12,24.31,48.73,1024.22,450,108,0,88.57,Room B
2025-04-26T16:45:23.522677,Device_50,24.44,48.7,1024.07,445,105,0,88.54,Outside
2025-04-26T16:45:23.532808,Device_14,24.52,49.58,1024.25,447,103,0,88.53,Room C
2025-04-26T16:45:23.542917,Device_10,24.67,49.17,1024.65,447,98,0,88.52,Room B
2025-04-26T16:45:23.553024,Device_26,24.64,48.53,1024.64,445,102,0,88.5,Room C
2025-04-26T16:45:23.563127,Device_5,24.75,48.45,1024.39,445,107,0,88.48,Room C
2025-04-26T16:45:23.573221,Device_19,24.9,49.16,1024.68,453,112,1,88.45,Room C
2025-04-26T16:45:23.583331,Device_12,25.01,49.8,1024.53,445,113,0,88.44,Room A
2025-04-26T16:45:23.593440,Device_39,24.89,49.88,1024.74,453,115,0,88.4,Outside
2025-04-26T16:45:23.603567,Device_47,24.79,49.08,1024.89,455,120,0,88.38,Outside
2025-04-26T16:45:23.613683,Device_40,24.92,49.8,1024.62,462,120,0,88.36,Outside
2025-04-26T16:45:23.624383,Device_23,24.75,50.31,1024.63,459,120,0,88.32,Outside
2025-04-26T16:45:23.634534,Device_22,24.64,49.89,1024.75,454,117,0,88.31,Room A
2025-04-26T16:45:23.644684,Device_8,24.66,49.95,1024.28,461,116,0,88.3,Room A
2025-04-26T16:45:23.656720,Device_24,24.56,49.29,1024.31,455,119,0,88.25,Outside
2025-04-26T16:45:23.666872,Device_44,24.51,49.18,1024.52,454,114,0,88.21,Room A
2025-04-26T16:45:23.677027,Device_25,24.55,49.19,1024.27,460,113,0,88.2,Room A
2025-04-26T16:45:23.689735,Device_35,24.4,49.57,1024.33,451,108,0,88.15,Room B
2025-04-26T16:45:23.699893,Device_45,24.28,50.28,1024.28,454,113,0,88.12,Room B
2025-04-26T16:45:23.710051,Device_6,24.16,51.04,1023.9,457,111,0,88.08,Outside
2025-04-26T16:45:23.720234,Device_21,24.26,51.08,1023.87,447,111,0,88.05,Room B
2025-04-26T16:45:23.730444,Device_24,24.42,51.08,1023.61,438,108,0,88.03,Outside
2025-04-26T16:45:23.740638,Device_17,24.54,51.68,1023.76,431,108,0,87.99,Room C
2025-04-26T16:45:23.751720,Device_17,24.7,52.27,1023.97,437,104,0,87.95,Room A
2025-04-26T16:45:23.761883,Device_48,24.84,52.95,1023.93,436,100,0,87.91,Room B
2025-04-26T16:45:23.772046,Device_32,25.03,51.98,1023.98,442,103,0,87.9,Room C
2025-04-26T16:45:23.782248,Device_37,24.9,52.7,1024.26,444,100,0,87.87,Room A
2025-04-26T16:45:23.792413,Device_38,24.86,53.23,1023.89,453,95,0,87.85,Outside
2025-04-26T16:45:23.802594,Device_8,24.71,54.15,1024.2,456,96,0,87.83,Outside
2025-04-26T16:45:23.812759,Device_39,24.65,53.72,1023.79,466,95,0,87.81,Outside
2025-04-26T16:45:23.822941,Device_8,24.65,54.02,1023.61,459,99,0,87.76,Outside
2025-04-26T16:45:23.833116,Device_28,24.64,54.62,1023.89,460,96,0,87.74,Outside
2025-04-26T16:45:23.843297,Device_32,24.45,54.42,1023.89,464,100,0,87.71,Room C
2025-04-26T16:45:23.853457,Device_5,24.58,53.5,1023.71,460,103,0,87.66,Outside
2025-04-26T16:45:23.863657,Device_29,24.43,53.62,1023.91,458,104,0,87.62,Room A
2025-04-26T16:45:23.873831,Device_31,24.32,52.69,1024.15,448,100,0,87.59,Room C
2025-04-26T16:45:23.883992,Device_2,24.27,52.45,1023.88,446,101,0,87.54,Room A
2025-04-26T16:45:23.894211,Device_30,24.14,52.49,1023.62,455,105,0,87.51,Room B
2025-04-26T16:45:23.904383,Device_17,24.18,52.05,1023.41,450,101,0,87.46,Room A
2025-04-26T16:45:23.914568,Device_35,24.35,52.96,1023.39,451,99,0,87.44,Outside
2025-04-26T16:45:23.924727,Device_10,24.5,51.99,1023.15,442,100,0,87.4,Room B
2025-04-26T16:45:23.934893,Device_9,24.4,52.57,1022.8,437,99,0,87.37,Room B
2025-04-26T16:45:23.945065,Device_6,24.41,51.64,1022.31,428,96,0,87.33,Outside
2025-04-26T16:45:23.955730,Device_19,24.56,52.49,1022.01,437,96,0,87.31,Room A
2025-04-26T16:45:23.965908,Device_21,24.37,52.31,1021.89,434,96,0,87.27,Room A
2025-04-26T16:45:23.976087,Device_18,24.45,52.21,1022.33,426,92,0,87.25,Room A
2025-04-26T16:45:23.986282,Device_39,24.52,51.87,1022.34,429,87,0,87.21,Outside
2025-04-26T16:45:23.996644,Device_9,24.57,51.09,1022.55,424,83,1,87.19,Room B
2025-04-26T16:45:24.008724,Device_5,24.56,50.71,1022.22,416,81,0,87.18,Outside
2025-04-26T16:45:24.018881,Device_35,24.44,51.01,1022.56,422,76,0,87.14,Room C
2025-04-26T16:45:24.029045,Device_44,24.5,51.72,1022.1,419,71,0,87.13,Outside
2025-04-26T16:45:24.039192,Device_17,24.65,52.44,1022.13,414,75,0,87.1,Room A
2025-04-26T16:45:24.049301,Device_5,24.8,52.94,1021.95,422,75,0,87.06,Room B
2025-04-26T16:45:24.059403,Device_28,24.91,53.06,1021.6,416,70,0,87.04,Outside
2025-04-26T16:45:24.069511,Device_38,24.8,53.87,1021.47,425,66,0,87.0,Room A
2025-04-26T16:45:24.079665,Device_17,24.73,53.68,1021.97,417,61,0,86.96,Outside
2025-04-26T16:45:24.089841,Device_46,24.63,53.03,1021.51,417,63,0,86.93,Outside
2025-04-26T16:45:24.099997,Device_47,24.68,53.01,1021.34,408,66,0,86.9,Room C
2025-04-26T16:45:24.110173,Device_15,24.73,52.71,1021.18,418,71,0,86.85,Outside
2025-04-26T16:45:24.120313,Device_18,24.73,53.09,1021.63,423,67,0,86.83,Room A
2025-04-26T16:45:24.130446,Device_1,24.9,52.81,1021.99,417,64,1,86.78,Room B
2025-04-26T16:45:24.140670,Device_24,24.81,52.79,1022.42,424,65,1,86.74,Outside
2025-04-26T16:45:24.150831,Device_8,24.98,52.12,1022.44,415,67,0,86.7,Room B
2025-04-26T16:45:24.160953,Device_28,24.84,51.49,1022.13,412,66,0,86.68,Room A
2025-04-26T16:45:24.171065,Device_7,24.65,52.08,1022.25,420,67,0,86.66,Room B
2025-04-26T16:45:24.181178,Device_41,24.7,52.33,1022.34,424,71,0,86.61,Room B
2025-04-26T16:45:24.191327,Device_47,24.57,51.76,1022.67,422,70,0,86.59,Outside
2025-04-26T16:45:24.201429,Device_35,24.64,51.83,1022.82,414,72,0,86.56,Outside
2025-04-26T16:45:24.211528,Device_6,24.64,52.33,1022.43,418,75,0,86.53,Room C
2025-04-26T16:45:24.221633,Device_5,24.57,52.55,1022.8,416,71,0,86.51,Room B
2025-04-26T16:45:24.231707,Device_26,24.71,51.9,1023.11,422,72,0,86.46,Room C
2025-04-26T16:45:24.241807,Device_16,24.69,51.19,1022.87,430,71,0,86.44,Room B
2025-04-26T16:45:24.251905,Device_37,24.79,50.96,1023.15,437,68,0,86.41,Room B
2025-04-26T16:45:24.262011,Device_15,24.65,51.45,1023.23,446,64,0,86.37,Room C
2025-04-26T16:45:24.272133,Device_33,24.84,52.43,1023.03,454,65,0,86.35,Room C
2025-04-26T16:45:24.282233,Device_48,24.66,51.89,1023.06,448,62,0,86.32,Room A
2025-04-26T16:45:24.292335,Device_33,24.51,52.21,1023.14,440,64,0,86.3,Outside
2025-04-26T16:45:24.302437,Device_25,24.71,51.86,1023.36,441,69,0,86.26,Room B
2025-04-26T16:45:24.312538,Device_46,24.64,52.22,1023.49,442,70,0,86.23,Room C
2025-04-26T16:45:24.322637,Device_22,24.57,53.01,1023.98,442,71,0,86.21,Outside
2025-04-26T16:45:24.332725,Device_23,24.6,52.21,1023.65,435,69,0,86.2,Room C
2025-04-26T16:45:24.342871,Device_13,24.53,52.87,1023.78,433,71,0,86.16,Room A
2025-04-26T16:45:24.352971,Device_39,24.42,53.39,1023.76,438,66,0,86.15,Room C
2025-04-26T16:45:24.363224,Device_25,24.37,53.74,1024.0,432,68,0,86.12,Room A
2025-04-26T16:45:24.373739,Device_7,24.4,53.64,1024.47,425,64,0,86.09,Room C
2025-04-26T16:45:24.383922,Device_7,24.26,54.5,1024.62,423,63,0,86.08,Room B
2025-04-26T16:45:24.394127,Device_45,24.39,54.63,1025.01,421,63,0,86.03,Room B
2025-04-26T16:45:24.404329,Device_47,24.59,54.06,1025.48,429,68,0,86.01,Room A
2025-04-26T16:45:24.414534,Device_46,24.62,54.98,1025.73,430,63,0,85.96,Room B
2025-04-26T16:45:24.424731,Device_44,24.78,54.88,1026.0,431,64,0,85.93,Room B
2025-04-26T16:45:24.434928,Device_50,24.76,55.69,1025.95,426,61,0,85.9,Room A
2025-04-26T16:45:24.445133,Device_25,24.84,55.83,1026.31,422,63,0,85.88,Room A
2025-04-26T16:45:24.455327,Device_9,24.7,55.49,1026.11,413,61,0,85.87,Room B
2025-04-26T16:45:24.465475,Device_19,24.55,55.62,1026.59,422,60,0,85.85,Outside
2025-04-26T16:45:24.475601,Device_11,24.72,55.02,1027.0,426,63,0,85.82,Room A
2025-04-26T16:45:24.485748,Device_13,24.67,55.42,1027.37,424,58,0,85.79,Outside
2025-04-26T16:45:24.495860,Device_23,24.68,55.82,1027.03,423,56,0,85.76,Room A
2025-04-26T16:45:24.505961,Device_50,24.87,55.07,1026.55,419,61,0,85.74,Room C
2025-04-26T16:45:24.516057,Device_35,24.99,54.85,1026.93,412,66,0,85.7,Outside
2025-04-26T16:45:24.526161,Device_17,25.09,55.27,1026.68,412,67,0,85.66,Room C
2025-04-26T16:45:24.536260,Device_35,24.94,56.19,1026.71,413,67,0,85.63,Room B
2025-04-26T16:45:24.546360,Device_31,24.94,55.45,1026.45,411,65,0,85.61,Room C
2025-04-26T16:45:24.556458,Device_34,24.93,55.08,1026.69,418,68,0,85.57,Room A
2025-04-26T16:45:24.566557,Device_33,25.11,54.41,1027.15,410,69,0,85.54,Outside
2025-04-26T16:45:24.576673,Device_35,25.31,53.81,1027.22,413,68,0,85.53,Room C
2025-04-26T16:45:24.586818,Device_7,25.14,54.32,1026.81,404,72,0,85.51,Room C
2025-04-26T16:45:24.596930,Device_6,24.96,53.88,1026.48,405,72,0,85.47,Room C
2025-04-26T16:45:24.607046,Device_7,24.77,54.7,1026.53,412,74,0,85.43,Room C
2025-04-26T16:45:24.617158,Device_11,24.79,55.26,1026.7,402,76,0,85.42,Room C
2025-04-26T16:45:24.627319,Device_13,24.82,55.91,1026.75,411,76,0,85.4,Room C
2025-04-26T16:45:24.637473,Device_20,24.8,56.22,1026.67,419,71,0,85.36,Outside
2025-04-26T16:45:24.647624,Device_18,24.87,55.31,1027.06,419,73,0,85.32,Room C
2025-04-26T16:45:24.657715,Device_18,24.95,55.56,1027.27,423,70,0,85.27,Room B
2025-04-26T16:45:24.667833,Device_46,25.13,54.81,1027.69,414,67,0,85.25,Room C
2025-04-26T16:45:24.677941,Device_25,24.96,54.73,1027.99,406,68,0,85.23,Room B
2025-04-26T16:45:24.688046,Device_13,25.05,54.42,1028.12,407,72,0,85.21,Outside
2025-04-26T16:45:24.698155,Device_42,25.07,54.69,1028.26,413,76,0,85.18,Room C
2025-04-26T16:45:24.708289,Device_18,25.18,53.71,1027.81,416,79,0,85.13,Room C
2025-04-26T16:45:24.718428,Device_7,25.13,53.42,1028.23,420,75,0,85.1,Room B
2025-04-26T16:45:24.728525,Device_19,25.14,53.46,1028.38,419,76,1,85.07,Outside
2025-04-26T16:45:24.738628,Device_8,25.19,54.42,1028.46,422,74,0,85.04,Outside
2025-04-26T16:45:24.748718,Device_22,25.09,55.0,1028.11,423,78,0,85.02,Room B
2025-04-26T16:45:24.758806,Device_21,25.27,54.28,1028.6,416,75,0,84.98,Room C
2025-04-26T16:45:24.768944,Device_8,25.09,55.16,1028.65,407,75,0,84.94,Outside
2025-04-26T16:45:24.779081,Device_8,25.26,54.73,1028.28,397,75,0,84.93,Outside
2025-04-26T16:45:24.789204,Device_11,25.38,54.61,1027.89,398,75,0,84.9,Room A
2025-04-26T16:45:24.799308,Device_45,25.24,55.41,1027.86,399,74,0,84.88,Room B
2025-04-26T16:45:24.809401,Device_6,25.4,56.11,1028.29,403,79,0,84.84,Room C
2025-04-26T16:45:24.819490,Device_42,25.27,55.67,1028.59,407,81,0,84.83,Room B
2025-04-26T16:45:24.829574,Device_34,25.18,55.11,1029.03,407,81,0,84.8,Room B
2025-04-26T16:45:24.839662,Device_33,25.36,55.01,1029.37,400,82,0,84.75,Outside
2025-04-26T16:45:24.849745,Device_17,25.32,55.38,1029.81,391,77,0,84.72,Room A
2025-04-26T16:45:24.859882,Device_44,25.45,55.96,1030.08,393,75,0,84.7,Room C
2025-04-26T16:45:24.870023,Device_7,25.55,56.39,1029.91,403,77,0,84.69,Room A
2025-04-26T16:45:24.880158,Device_48,25.64,57.15,1030.25,410,75,0,84.65,Room C
2025-04-26T16:45:24.890263,Device_28,25.61,56.24,1029.84,404,80,0,84.62,Room A
2025-04-26T16:45:24.900362,Device_9,25.61,56.17,1029.61,399,76,0,84.59,Room C
2025-04-26T16:45:24.910470,Device_33,25.58,56.1,1029.58,391,73,0,84.58,Room B
2025-04-26T16:45:24.920577,Device_32,25.54,56.37,1029.95,388,73,0,84.56,Room C
2025-04-26T16:45:24.930680,Device_22,25.44,55.39,1029.72,387,76,0,84.52,Room A
2025-04-26T16:45:24.940837,Device_8,25.51,56.28,1029.91,378,77,0,84.5,Room A
2025-04-26T16:45:24.950953,Device_33,25.58,57.13,1030.41,377,78,0,84.45,Room B
2025-04-26T16:45:24.961092,Device_20,25.7,57.55,1030.28,380,82,0,84.43,Room C
2025-04-26T16:45:24.971224,Device_15,25.67,57.62,1030.6,380,118,0,84.4,Outside
2025-04-26T16:45:24.981380,Device_43,25.58,57.04,1030.48,381,118,0,84.36,Room C
2025-04-26T16:45:24.991541,Device_2,25.73,56.2,1030.35,377,115,0,84.33,Room A
2025-04-26T16:45:25.001701,Device_1,25.67,56.04,1030.36,385,113,0,84.29,Room B
2025-04-26T16:45:25.011806,Device_41,25.54,56.15,1030.12,385,108,0,84.25,Room C
2025-04-26T16:45:25.021900,Device_5,25.51,55.86,1030.26,391,106,0,84.23,Room C
2025-04-26T16:45:25.031988,Device_4,25.59,55.22,1030.08,393,104,0,84.19,Room C
2025-04-26T16:45:25.042077,Device_8,25.5,54.53,1030.43,394,102,0,84.16,Outside
2025-04-26T16:45:25.052187,Device_12,25.39,54.35,1030.79,395,97,0,84.11,Room C
2025-04-26T16:45:25.062285,Device_43,25.49,54.29,1030.93,390,101,0,84.07,Outside
2025-04-26T16:45:25.072386,Device_50,25.57,54.92,1030.92,387,99,0,84.05,Room A
2025-04-26T16:45:25.082483,Device_16,25.39,54.56,1031.01,386,96,0,84.04,Room B
2025-04-26T16:45:25.092570,Device_37,25.43,53.82,1031.42,376,99,0,84.0,Room B
2025-04-26T16:45:25.102657,Device_24,25.48,54.44,1031.2,369,104,0,83.97,Outside
2025-04-26T16:45:25.112780,Device_49,25.5,54.98,1031.63,379,105,0,83.95,Room A
2025-04-26T16:45:25.122874,Device_15,25.49,54.12,1031.36,377,100,0,83.9,Outside
2025-04-26T16:45:25.132957,Device_18,25.57,53.19,1031.05,378,97,0,83.86,Room C
2025-04-26T16:45:25.143064,Device_45,25.53,53.22,1031.51,379,97,0,83.83,Outside
2025-04-26T16:45:25.153186,Device_11,25.39,52.9,1031.23,382,97,0,83.78,Outside
2025-04-26T16:45:25.163295,Device_40,25.58,53.32,1031.21,383,92,0,83.74,Room B
2025-04-26T16:45:25.173408,Device_23,25.67,53.81,1031.24,387,97,0,83.73,Room A
2025-04-26T16:45:25.183567,Device_17,25.52,54.63,1031.52,395,102,0,83.7,Outside
2025-04-26T16:45:25.193707,Device_42,25.38,55.27,1031.39,393,102,0,83.67,Room B
2025-04-26T16:45:25.203816,Device_29,25.29,56.08,1030.93,396,102,0,83.62,Outside
2025-04-26T16:45:25.213920,Device_9,25.14,55.33,1030.55,390,100,0,83.57,Room C
2025-04-26T16:45:25.224014,Device_25,24.97,55.33,1030.67,380,95,0,83.55,Room C
2025-04-26T16:45:25.234100,Device_43,24.79,55.35,1030.97,382,94,0,83.51,Room C
2025-04-26T16:45:25.244212,Device_14,24.87,54.38,1030.49,384,98,0,83.5,Room B
2025-04-26T16:45:25.255723,Device_36,24.72,53.89,1030.34,376,94,0,83.48,Room C
2025-04-26T16:45:25.265897,Device_11,24.7,54.23,1030.19,384,95,0,83.44,Room B
2025-04-26T16:45:25.276067,Device_30,24.72,54.89,1030.65,384,99,0,83.42,Outside
2025-04-26T16:45:25.286220,Device_26,24.88,54.66,1030.7,381,96,1,83.4,Room B
2025-04-26T16:45:25.296366,Device_23,24.96,55.34,1030.61,374,97,0,83.38,Room C
2025-04-26T16:45:25.306511,Device_45,24.98,55.12,1030.67,370,102,0,83.36,Room C
2025-04-26T16:45:25.316686,Device_16,24.9,55.65,1031.02,377,99,0,83.34,Room C
2025-04-26T16:45:25.326855,Device_41,24.75,55.96,1030.61,380,103,0,83.33,Room C
2025-04-26T16:45:25.336971,Device_10,24.72,56.34,1030.66,387,99,0,83.29,Room B
2025-04-26T16:45:25.347076,Device_38,24.88,57.16,1030.48,395,101,0,83.25,Room A
2025-04-26T16:45:25.357197,Device_42,25.05,57.51,1030.05,394,99,0,83.23,Room B
2025-04-26T16:45:25.367306,Device_20,25.09,57.09,1030.25,392,94,0,83.19,Room A
2025-04-26T16:45:25.377419,Device_12,25.11,57.68,1030.05,386,91,0,83.18,Outside
2025-04-26T16:45:25.387577,Device_12,25.07,58.6,1029.6,380,91,0,83.13,Outside
2025-04-26T16:45:25.397704,Device_43,25.1,57.9,1029.82,373,87,0,83.1,Room A
2025-04-26T16:45:25.407820,Device_18,25.24,58.59,1029.76,381,84,0,83.06,Room A
2025-04-26T16:45:25.417928,Device_33,25.29,58.4,1029.92,377,89,0,83.01,Room A
2025-04-26T16:45:25.428046,Device_24,25.26,58.19,1029.49,380,94,0,82.99,Outside
2025-04-26T16:45:25.438185,Device_27,25.33,57.94,1029.58,388,95,0,82.94,Outside
2025-04-26T16:45:25.448288,Device_11,25.4,56.95,1029.75,380,91,0,82.92,Room C
2025-04-26T16:45:25.458382,Device_25,25.25,57.59,1029.54,385,91,0,82.9,Room A
2025-04-26T16:45:25.468497,Device_6,25.35,58.43,1029.43,395,86,0,82.89,Room C
2025-04-26T16:45:25.478660,Device_44,25.34,59.26,1029.58,403,85,0,82.85,Room C
2025-04-26T16:45:25.488838,Device_15,25.21,60.19,1029.46,396,84,0,82.8,Room C
2025-04-26T16:45:25.498979,Device_4,25.05,59.24,1029.26,400,79,0,82.77,Room B
2025-04-26T16:45:25.509104,Device_29,25.11,59.89,1029.01,409,83,0,82.75,Room A
2025-04-26T16:45:25.519278,Device_39,25.07,59.28,1029.32,408,86,0,82.74,Room B
2025-04-26T16:45:25.529470,Device_42,24.95,58.96,1029.3,399,86,0,82.69,Room B
2025-04-26T16:45:25.539730,Device_49,24.88,59.67,1029.62,402,88,0,82.66,Room A
2025-04-26T16:45:25.549918,Device_16,24.69,58.71,1029.27,404,92,0,82.64,Room A
2025-04-26T16:45:25.560037,Device_27,24.63,59.0,1028.82,396,92,0,82.6,Room B
2025-04-26T16:45:25.570370,Device_18,24.82,59.05,1028.41,392,91,0,82.57,Room B
2025-04-26T16:45:25.580566,Device_39,24.99,59.04,1027.98,388,92,0,82.55,Room A
2025-04-26T16:45:25.590742,Device_30,24.98,59.79,1028.3,383,88,0,82.54,Room A
2025-04-26T16:45:25.600910,Device_2,25.02,58.85,1028.19,392,91,0,82.49,Room A
2025-04-26T16:45:25.611067,Device_7,25.06,59.45,1028.12,400,88,0,82.47,Room A
2025-04-26T16:45:25.621239,Device_39,24.95,60.22,1027.71,397,91,0,82.43,Room C
2025-04-26T16:45:25.631404,Device_12,25.03,60.83,1027.47,404,96,0,82.38,Room C
2025-04-26T16:45:25.641626,Device_48,24.97,60.4,1027.6,394,99,0,82.36,Room A
2025-04-26T16:45:25.651854,Device_16,24.82,60.6,1027.54,396,101,0,82.34,Outside
2025-04-26T16:45:25.662017,Device_24,24.67,60.47,1027.83,395,97,0,82.33,Room A
2025-04-26T16:45:25.672319,Device_15,24.73,61.46,1027.58,398,98,0,82.32,Outside
2025-04-26T16:45:25.682479,Device_22,24.89,60.53,1027.78,391,99,0,82.27,Outside
2025-04-26T16:45:25.692652,Device_48,24.72,60.86,1027.86,395,95,0,82.25,Room C
2025-04-26T16:45:25.702834,Device_46,24.79,60.91,1028.2,400,96,0,82.21,Room A
2025-04-26T16:45:25.712995,Device_38,24.76,61.03,1028.66,394,95,0,82.18,Outside
2025-04-26T16:45:25.723203,Device_46,24.61,61.23,1029.03,385,94,0,82.15,Outside
2025-04-26T16:45:25.733365,Device_38,24.69,61.2,1028.95,383,97,0,82.11,Room C
2025-04-26T16:45:25.743544,Device_25,24.75,62.17,1028.88,386,93,0,82.08,Room A
2025-04-26T16:45:25.754660,Device_24,24.79,62.3,1028.44,385,96,0,82.05,Outside
2025-04-26T16:45:25.766252,Device_45,24.97,61.78,1027.98,381,95,0,82.01,Room C
2025-04-26T16:45:25.776403,Device_35,24.77,62.63,1027.68,372,92,0,81.99,Room A
2025-04-26T16:45:25.786589,Device_37,24.61,62.74,1027.81,370,93,0,81.98,Room A
2025-04-26T16:45:25.796743,Device_14,24.54,62.53,1027.35,368,90,0,81.96,Room B
2025-04-26T16:45:25.806909,Device_12,24.67,62.44,1027.26,366,88,0,81.93,Room A
2025-04-26T16:45:25.817047,Device_45,24.6,61.99,1027.21,362,86,0,81.89,Outside
2025-04-26T16:45:25.827195,Device_8,24.73,61.08,1027.12,360,81,1,81.87,Room B
2025-04-26T16:45:25.837336,Device_28,24.68,62.0,1026.72,355,81,0,81.86,Room B
2025-04-26T16:45:25.847503,Device_19,24.55,62.84,1027.21,358,82,0,81.83,Room A
2025-04-26T16:45:25.857666,Device_45,24.71,62.15,1027.01,356,80,0,81.81,Room A
2025-04-26T16:45:25.867836,Device_46,24.64,62.78,1027.09,346,75,0,81.78,Room A
2025-04-26T16:45:25.877988,Device_34,24.62,63.31,1027.48,343,78,0,81.76,Room C
2025-04-26T16:45:25.888147,Device_28,24.51,63.56,1027.65,353,78,0,81.71,Room B
2025-04-26T16:45:25.898304,Device_3,24.44,63.46,1027.29,354,74,0,81.69,Room B
2025-04-26T16:45:25.908478,Device_40,24.62,63.42,1027.64,355,74,0,81.67,Room C
2025-04-26T16:45:25.918637,Device_18,24.57,63.71,1028.11,360,73,0,81.64,Room B
2025-04-26T16:45:25.928787,Device_38,24.67,64.54,1028.61,365,76,0,81.61,Room B
2025-04-26T16:45:25.938937,Device_48,24.68,65.28,1029.05,372,79,0,81.56,Room A
2025-04-26T16:45:25.949112,Device_44,24.81,64.76,1028.64,375,74,0,81.52,Room B
2025-04-26T16:45:25.959260,Device_35,24.87,64.2,1029.05,371,77,0,81.47,Room C
2025-04-26T16:45:25.969411,Device_3,24.91,63.59,1028.78,381,78,0,81.45,Room B
2025-04-26T16:45:25.979512,Device_17,24.97,63.2,1028.45,381,81,0,81.43,Outside
2025-04-26T16:45:25.989619,Device_21,25.03,63.08,1028.12,390,76,0,81.39,Outside
2025-04-26T16:45:25.999729,Device_6,25.15,62.76,1028.51,381,78,0,81.38,Room A
2025-04-26T16:45:26.009913,Device_16,25.06,62.59,1028.95,382,73,0,81.36,Room B
2025-04-26T16:45:26.020073,Device_14,25.02,62.61,1028.76,379,69,0,81.31,Outside
2025-04-26T16:45:26.030206,Device_24,24.9,61.98,1028.54,377,73,0,81.27,Room C
2025-04-26T16:45:26.040297,Device_6,24.72,61.17,1028.65,369,74,0,81.23,Room B
2025-04-26T16:45:26.050388,Device_49,24.81,61.35,1028.28,364,74,0,81.2,Room B
2025-04-26T16:45:26.060470,Device_34,25.0,60.53,1028.03,366,71,0,81.17,Room B
2025-04-26T16:45:26.070559,Device_33,24.99,59.65,1028.12,368,76,1,81.14,Room A
2025-04-26T16:45:26.080666,Device_16,25.02,60.33,1027.67,364,76,0,81.12,Room C
2025-04-26T16:45:26.090817,Device_27,24.99,60.29,1027.76,357,79,0,81.1,Outside
2025-04-26T16:45:26.100908,Device_46,24.83,59.55,1028.21,358,75,0,81.07,Outside
2025-04-26T16:45:26.110995,Device_37,24.73,58.63,1027.88,354,78,0,81.03,Outside
2025-04-26T16:45:26.121079,Device_2,24.82,59.49,1028.33,344,79,0,81.0,Outside
2025-04-26T16:45:26.131160,Device_33,24.87,58.77,1028.22,347,80,0,80.96,Room A
2025-04-26T16:45:26.141244,Device_16,24.8,58.71,1027.87,346,80,0,80.94,Room B
2025-04-26T16:45:26.151327,Device_48,24.98,58.9,1028.23,348,80,0,80.91,Room A
2025-04-26T16:45:26.161438,Device_32,24.91,59.36,1028.7,356,76,0,80.89,Room B
2025-04-26T16:45:26.171593,Device_14,24.76,58.39,1028.29,355,71,0,80.85,Outside
2025-04-26T16:45:26.181750,Device_18,24.75,59.18,1027.93,354,76,0,80.83,Room B
2025-04-26T16:45:26.191906,Device_22,24.76,58.55,1027.6,362,81,0,80.78,Room B
2025-04-26T16:45:26.202048,Device_16,24.91,58.75,1027.25,358,83,0,80.76,Room A
2025-04-26T16:45:26.212220,Device_26,24.89,58.27,1027.57,355,87,0,80.73,Room B
2025-04-26T16:45:26.222388,Device_37,24.82,57.56,1027.91,350,85,0,80.72,Room A
2025-04-26T16:45:26.232525,Device_11,24.96,57.62,1028.22,342,87,0,80.67,Room B
2025-04-26T16:45:26.242681,Device_44,25.08,57.58,1028.66,345,86,0,80.66,Room B
2025-04-26T16:45:26.252861,Device_38,24.99,57.5,1029.06,353,82,1,80.63,Outside
2025-04-26T16:45:26.263033,Device_37,25.18,57.74,1029.53,352,83,0,80.6,Room C
2025-04-26T16:45:26.273196,Device_3,25.03,58.46,1029.23,345,80,0,80.56,Room B
2025-04-26T16:45:26.283361,Device_4,24.87,58.12,1028.89,344,80,0,80.55,Room A
2025-04-26T16:45:26.293504,Device_46,24.99,57.14,1028.55,350,76,0,80.52,Outside
2025-04-26T16:45:26.303731,Device_24,24.86,56.86,1028.41,358,79,1,80.48,Outside
2025-04-26T16:45:26.313880,Device_47,24.87,57.71,1027.98,354,81,0,80.45,Outside
2025-04-26T16:45:26.323983,Device_35,24.89,58.69,1027.49,352,79,0,80.43,Room B
2025-04-26T16:45:26.334086,Device_6,24.92,58.55,1027.3,343,75,0,80.39,Room A
2025-04-26T16:45:26.344183,Device_37,24.82,59.33,1027.73,333,71,0,80.34,Outside
2025-04-26T16:45:26.354333,Device_27,24.97,58.65,1027.55,329,69,0,80.3,Room A
2025-04-26T16:45:26.364488,Device_11,25.0,59.3,1027.88,324,70,0,80.28,Room C
2025-04-26T16:45:26.374614,Device_21,24.97,58.88,1028.2,319,74,0,80.25,Room B
2025-04-26T16:45:26.384731,Device_26,24.79,59.55,1028.16,328,73,0,80.22,Room A
2025-04-26T16:45:26.394890,Device_22,24.69,59.42,1028.06,328,75,0,80.18,Room B
2025-04-26T16:45:26.405035,Device_46,24.74,59.43,1028.51,330,77,1,80.15,Room C
2025-04-26T16:45:26.415208,Device_44,24.8,58.8,1028.24,331,80,0,80.1,Room A
2025-04-26T16:45:26.425347,Device_3,24.81,59.66,1028.06,332,81,0,80.06,Room A
2025-04-26T16:45:26.435459,Device_20,24.65,60.63,1028.01,327,82,0,80.05,Outside
2025-04-26T16:45:26.445622,Device_43,24.45,61.17,1028.14,328,81,0,80.04,Room C
2025-04-26T16:45:26.455730,Device_27,24.27,61.42,1028.07,326,82,0,80.01,Room A
2025-04-26T16:45:26.465860,Device_35,24.44,60.87,1028.4,325,80,0,79.99,Room A
2025-04-26T16:45:26.475958,Device_30,24.6,61.81,1028.17,335,83,0,79.98,Outside
2025-04-26T16:45:26.486058,Device_39,24.57,61.38,1028.63,335,79,0,79.94,Room A
2025-04-26T16:45:26.496167,Device_44,24.71,61.03,1028.2,329,82,0,79.9,Room C
2025-04-26T16:45:26.506263,Device_49,24.77,60.71,1027.81,331,82,0,79.86,Outside
2025-04-26T16:45:26.516358,Device_31,24.6,60.84,1027.55,335,79,0,79.83,Room C
2025-04-26T16:45:26.526478,Device_14,24.66,60.17,1027.15,325,81,0,79.81,Outside
2025-04-26T16:45:26.536613,Device_27,24.67,60.72,1027.41,331,79,0,79.79,Room A
2025-04-26T16:45:26.546710,Device_18,24.71,61.32,1027.31,321,81,0,79.75,Room A
2025-04-26T16:45:26.556795,Device_17,24.7,61.17,1026.94,328,81,0,79.7,Outside
2025-04-26T16:45:26.566900,Device_6,24.89,60.28,1027.42,333,86,0,79.66,Room B
2025-04-26T16:45:26.576990,Device_37,25.01,59.84,1027.77,335,88,0,79.62,Room C
2025-04-26T16:45:26.587092,Device_50,25.19,59.49,1028.02,330,89,0,79.58,Room C
2025-04-26T16:45:26.597180,Device_1,25.11,59.1,1027.82,335,90,0,79.54,Room C
2025-04-26T16:45:26.607293,Device_2,24.98,58.38,1027.7,336,93,0,79.51,Outside
2025-04-26T16:45:26.617386,Device_45,24.81,58.58,1027.6,329,91,0,79.48,Room C
2025-04-26T16:45:26.627471,Device_48,24.63,59.41,1027.66,332,95,0,79.46,Room A
2025-04-26T16:45:26.637589,Device_35,24.59,59.96,1027.98,325,98,1,79.43,Room A
2025-04-26T16:45:26.647715,Device_8,24.77,60.89,1028.36,322,103,0,79.38,Room C
2025-04-26T16:45:26.657815,Device_34,24.72,60.15,1028.38,318,98,0,79.36,Room A
2025-04-26T16:45:26.667892,Device_15,24.87,60.23,1028.36,316,95,0,79.34,Room C
2025-04-26T16:45:26.678034,Device_25,24.99,60.69,1028.71,323,98,0,79.3,Room C
2025-04-26T16:45:26.688192,Device_43,25.18,60.77,1028.59,326,100,0,79.26,Outside
2025-04-26T16:45:26.698343,Device_29,25.02,60.95,1028.53,323,96,0,79.25,Room B
2025-04-26T16:45:26.708490,Device_7,24.93,60.06,1028.12,322,95,0,79.21,Outside
2025-04-26T16:45:26.718654,Device_9,24.92,59.54,1028.54,326,99,0,79.17,Outside
2025-04-26T16:45:26.728824,Device_33,24.88,58.95,1028.26,335,101,0,79.15,Room B
2025-04-26T16:45:26.738988,Device_4,24.71,58.13,1028.44,331,96,0,79.13,Outside
2025-04-26T16:45:26.749129,Device_50,24.53,58.75,1028.86,338,100,0,79.1,Room C
2025-04-26T16:45:26.759287,Device_2,24.51,58.9,1028.94,338,100,0,79.08,Room C
2025-04-26T16:45:26.769621,Device_39,24.53,58.18,1029.24,328,100,1,79.07,Room B
2025-04-26T16:45:26.779799,Device_33,24.66,57.24,1029.21,335,100,0,79.04,Room C
2025-04-26T16:45:26.789942,Device_19,24.55,57.75,1029.37,336,99,0,79.0,Outside
2025-04-26T16:45:26.800120,Device_47,24.49,58.32,1029.77,332,98,0,78.96,Room B
2025-04-26T16:45:26.810273,Device_43,24.49,58.81,1029.63,325,97,0,78.94,Room C
2025-04-26T16:45:26.820426,Device_24,24.48,59.0,1029.46,330,100,0,78.91,Room A
2025-04-26T16:45:26.830608,Device_49,24.29,58.59,1029.95,335,96,0,78.89,Outside
2025-04-26T16:45:26.840827,Device_22,24.16,59.37,1029.77,339,101,0,78.88,Room C
2025-04-26T16:45:26.851723,Device_14,24.23,59.06,1029.63,338,102,0,78.83,Outside
2025-04-26T16:45:26.863720,Device_3,24.3,58.34,1029.2,344,104,0,78.82,Room B
2025-04-26T16:45:26.873890,Device_12,24.45,59.09,1029.56,347,103,0,78.79,Outside
2025-04-26T16:45:26.884098,Device_17,24.43,58.55,1029.38,350,105,0,78.76,Room C
2025-04-26T16:45:26.894262,Device_10,24.35,58.53,1029.7,350,107,0,78.74,Room C
2025-04-26T16:45:26.904433,Device_34,24.16,58.88,1029.85,359,111,0,78.7,Room B
2025-04-26T16:45:26.914621,Device_50,24.27,58.21,1029.94,349,113,0,78.68,Outside
2025-04-26T16:45:26.924786,Device_35,24.18,58.81,1029.68,359,120,0,78.64,Room C
2025-04-26T16:45:26.934949,Device_28,24.19,59.34,1029.32,356,120,0,78.6,Outside
2025-04-26T16:45:26.945098,Device_9,24.17,59.76,1029.13,357,116,0,78.58,Outside
2025-04-26T16:45:26.957717,Device_29,24.06,59.63,1029.18,352,120,0,78.53,Outside
2025-04-26T16:45:26.967861,Device_1,24.21,60.58,1028.93,358,120,0,78.49,Room C
2025-04-26T16:45:26.978008,Device_35,24.18,59.68,1029.05,355,117,0,78.48,Room B
2025-04-26T16:45:26.988144,Device_46,24.33,59.72,1028.89,358,113,0,78.45,Room C
2025-04-26T16:45:26.998580,Device_12,24.43,59.99,1028.92,359,112,0,78.42,Room B
2025-04-26T16:45:27.009094,Device_43,24.23,60.18,1029.0,358,111,0,78.4,Room B
2025-04-26T16:45:27.023722,Device_42,24.04,59.47,1029.35,368,109,0,78.36,Room A
2025-04-26T16:45:27.033870,Device_48,24.0,59.25,1029.49,366,109,0,78.34,Outside
2025-04-26T16:45:27.044416,Device_48,23.92,58.63,1029.2,363,112,0,78.29,Outside
2025-04-26T16:45:27.054584,Device_19,23.78,57.72,1028.71,358,117,0,78.27,Room A
2025-04-26T16:45:27.064723,Device_42,23.59,58.07,1028.4,363,118,0,78.25,Outside
2025-04-26T16:45:27.074877,Device_33,23.57,58.72,1028.36,362,120,0,78.2,Room A
2025-04-26T16:45:27.085035,Device_25,23.71,57.81,1028.61,361,120,0,78.17,Room B
2025-04-26T16:45:27.095207,Device_42,23.89,58.72,1028.47,357,120,0,78.15,Room B
2025-04-26T16:45:27.105367,Device_37,24.03,58.84,1028.53,354,120,0,78.14,Room B
2025-04-26T16:45:27.116642,Device_35,24.15,58.14,1028.53,362,120,0,78.13,Room B
2025-04-26T16:45:27.126829,Device_13,24.32,57.94,1028.75,353,120,0,78.08,Outside
2025-04-26T16:45:27.136987,Device_23,24.35,57.18,1029.03,355,120,0,78.03,Outside
2025-04-26T16:45:27.147165,Device_48,24.52,57.05,1028.88,358,120,0,78.01,Room A
2025-04-26T16:45:27.157339,Device_33,24.52,56.66,1028.43,364,119,0,77.96,Outside
2025-04-26T16:45:27.167492,Device_1,24.58,55.88,1028.66,363,120,0,77.94,Outside
2025-04-26T16:45:27.177653,Device_26,24.73,55.67,1028.47,363,120,0,77.93,Room C
2025-04-26T16:45:27.187828,Device_16,24.66,56.44,1028.69,361,120,0,77.92,Room B
2025-04-26T16:45:27.197968,Device_8,24.71,56.13,1028.32,365,117,0,77.87,Room C
2025-04-26T16:45:27.208128,Device_2,24.9,56.31,1028.36,366,120,0,77.84,Room B
2025-04-26T16:45:27.218298,Device_28,25.05,56.51,1028.73,369,119,0,77.82,Outside
2025-04-26T16:45:27.228472,Device_48,24.95,57.08,1028.31,365,120,0,77.77,Room B
2025-04-26T16:45:27.238639,Device_45,25.0,56.24,1028.23,357,120,0,77.75,Room B
2025-04-26T16:45:27.248800,Device_49,25.2,55.63,1027.73,358,118,0,77.71,Room A
2025-04-26T16:45:27.258936,Device_9,25.04,55.96,1027.73,360,114,0,77.69,Room C
2025-04-26T16:45:27.269101,Device_41,25.11,55.98,1028.16,361,118,0,77.64,Room C
2025-04-26T16:45:27.279265,Device_10,25.0,56.97,1028.39,366,115,0,77.63,Outside
2025-04-26T16:45:27.289433,Device_14,25.06,56.79,1028.27,368,113,0,77.58,Room B
2025-04-26T16:45:27.299603,Device_29,25.25,56.77,1028.39,374,109,0,77.54,Room C
2025-04-26T16:45:27.309785,Device_19,25.27,56.44,1028.83,365,112,0,77.53,Room C
2025-04-26T16:45:27.319947,Device_3,25.07,55.57,1028.55,357,109,0,77.48,Room A
2025-04-26T16:45:27.333730,Device_1,25.14,55.48,1028.32,364,113,0,77.45,Room C
2025-04-26T16:45:27.343894,Device_25,25.26,56.37,1028.82,358,114,0,77.44,Room A
2025-04-26T16:45:27.354060,Device_40,25.18,56.29,1029.16,363,113,0,77.41,Outside
2025-04-26T16:45:27.364230,Device_2,25.15,56.7,1028.88,364,116,0,77.39,Room B
2025-04-26T16:45:27.374398,Device_13,25.02,56.24,1029.3,360,112,0,77.35,Room C
2025-04-26T16:45:27.384567,Device_30,24.86,55.64,1029.49,358,117,0,77.33,Outside
2025-04-26T16:45:27.394724,Device_16,24.83,56.21,1029.12,358,120,0,77.29,Room A
2025-04-26T16:45:27.404888,Device_19,24.63,56.43,1029.58,361,117,0,77.25,Room B
2025-04-26T16:45:27.415051,Device_22,24.52,56.34,1029.85,366,118,0,77.24,Room A
2025-04-26T16:45:27.425234,Device_3,24.49,57.25,1029.9,372,118,0,77.21,Room A
2025-04-26T16:45:27.435398,Device_10,24.3,57.12,1029.78,371,120,0,77.19,Room A
2025-04-26T16:45:27.445569,Device_37,24.38,57.03,1029.89,375,115,0,77.17,Room C
2025-04-26T16:45:27.455742,Device_34,24.46,56.46,1029.76,376,115,0,77.13,Outside
2025-04-26T16:45:27.465906,Device_41,24.36,56.75,1029.7,378,113,0,77.09,Room C
2025-04-26T16:45:27.477722,Device_19,24.36,56.78,1029.88,370,110,0,77.08,Outside
2025-04-26T16:45:27.488986,Device_37,24.49,56.91,1029.83,360,114,0,77.04,Outside
2025-04-26T16:45:27.501725,Device_37,24.45,57.83,1029.5,357,119,0,76.99,Room B
2025-04-26T16:45:27.511891,Device_9,24.26,57.49,1029.98,353,120,0,76.94,Room A
2025-04-26T16:45:27.522057,Device_47,24.2,56.6,1029.99,351,117,0,76.93,Room C
2025-04-26T16:45:27.532233,Device_15,24.2,56.12,1029.58,345,120,0,76.91,Room A
2025-04-26T16:45:27.542399,Device_15,24.17,55.76,1030.06,347,120,0,76.9,Room A
2025-04-26T16:45:27.552569,Device_32,24.11,55.39,1030.01,354,120,0,76.87,Room C
2025-04-26T16:45:27.562728,Device_45,24.26,55.1,1029.82,362,119,0,76.83,Room A
2025-04-26T16:45:27.572893,Device_7,24.27,54.91,1030.23,357,120,0,76.8,Room B
2025-04-26T16:45:27.585723,Device_21,24.13,55.57,1030.56,347,120,0,76.76,Room B
2025-04-26T16:45:27.596272,Device_14,24.3,56.22,1030.95,348,120,0,76.74,Room A
2025-04-26T16:45:27.606443,Device_49,24.34,55.37,1030.95,339,120,0,76.7,Room A
2025-04-26T16:45:27.616624,Device_40,24.24,55.54,1030.96,331,115,0,76.68,Room B
2025-04-26T16:45:27.629091,Device_37,24.31,55.85,1031.2,329,110,0,76.63,Room C
2025-04-26T16:45:27.639260,Device_47,24.16,56.24,1031.03,339,112,0,76.61,Outside
2025-04-26T16:45:27.649425,Device_44,24.12,56.88,1030.83,337,111,0,76.56,Outside
2025-04-26T16:45:27.659587,Device_22,24.0,56.51,1030.85,345,110,0,76.53,Room A
2025-04-26T16:45:27.669745,Device_35,23.92,56.34,1030.36,341,114,0,76.51,Room B
2025-04-26T16:45:27.679902,Device_34,23.78,55.77,1030.12,343,116,0,76.48,Room C
2025-04-26T16:45:27.690062,Device_41,23.62,56.59,1029.94,343,112,0,76.45,Room A
2025-04-26T16:45:27.700275,Device_20,23.56,56.95,1029.75,345,112,0,76.43,Room B
2025-04-26T16:45:27.710433,Device_1,23.68,56.7,1030.02,345,107,0,76.39,Room B
2025-04-26T16:45:27.720596,Device_13,23.86,56.13,1029.74,345,106,0,76.37,Outside
2025-04-26T16:45:27.730729,Device_32,23.98,55.45,1030.06,342,106,0,76.33,Room C
2025-04-26T16:45:27.740903,Device_16,23.95,56.34,1029.77,351,104,0,76.31,Outside
2025-04-26T16:45:27.751068,Device_50,24.02,57.11,1029.86,344,108,0,76.29,Room B
2025-04-26T16:45:27.761234,Device_29,23.88,56.62,1029.94,340,111,0,76.27,Room A
2025-04-26T16:45:27.771381,Device_38,23.81,56.88,1029.64,342,114,0,76.25,Room A
2025-04-26T16:45:27.781541,Device_26,23.65,55.91,1029.94,337,110,0,76.22,Room C
2025-04-26T16:45:27.791731,Device_8,23.46,56.75,1029.8,347,113,0,76.17,Room C
2025-04-26T16:45:27.801895,Device_17,23.37,57.65,1029.86,338,111,0,76.15,Room B
2025-04-26T16:45:27.812075,Device_29,23.42,57.37,1029.95,331,107,0,76.1,Outside
2025-04-26T16:45:27.822261,Device_13,23.41,57.87,1030.38,339,102,0,76.09,Outside
2025-04-26T16:45:27.832422,Device_49,23.4,58.22,1030.66,344,107,0,76.08,Room B
2025-04-26T16:45:27.842747,Device_2,23.56,57.89,1030.97,345,102,0,76.04,Room A
2025-04-26T16:45:27.854723,Device_47,23.72,58.58,1031.34,342,101,0,76.03,Room C
2025-04-26T16:45:27.864920,Device_5,23.81,58.18,1031.19,350,100,0,75.99,Room A
2025-04-26T16:45:27.875080,Device_4,23.62,58.04,1031.48,355,98,0,75.96,Room B
2025-04-26T16:45:27.885237,Device_15,23.67,57.16,1031.47,354,102,0,75.93,Room A
2025-04-26T16:45:27.895455,Device_6,23.75,56.61,1031.92,355,99,0,75.89,Outside
2025-04-26T16:45:27.905625,Device_5,23.91,56.03,1031.87,352,102,0,75.87,Room C
2025-04-26T16:45:27.915800,Device_45,23.71,56.83,1031.46,362,102,0,75.83,Room A
2025-04-26T16:45:27.925958,Device_20,23.62,55.87,1031.04,367,106,0,75.8,Outside
2025-04-26T16:45:27.936095,Device_15,23.77,55.26,1030.9,377,103,0,75.78,Room C
2025-04-26T16:45:27.946255,Device_15,23.73,54.3,1030.77,368,100,0,75.75,Room A
2025-04-26T16:45:27.957759,Device_27,23.55,54.28,1031.24,373,96,0,75.74,Room C
2025-04-26T16:45:27.967916,Device_9,23.68,54.27,1031.48,367,96,0,75.72,Room A
2025-04-26T16:45:27.978093,Device_17,23.72,54.5,1031.6,360,94,0,75.69,Outside
2025-04-26T16:45:27.988319,Device_24,23.7,54.82,1031.93,365,91,0,75.67,Room B
2025-04-26T16:45:27.998464,Device_35,23.83,54.6,1031.61,369,87,0,75.64,Outside
2025-04-26T16:45:28.008637,Device_32,23.68,55.33,1031.34,363,92,0,75.62,Room C
2025-04-26T16:45:28.018884,Device_35,23.81,55.4,1031.06,365,87,0,75.61,Room B
2025-04-26T16:45:28.029024,Device_35,23.85,55.24,1030.93,366,88,0,75.6,Room B
2025-04-26T16:45:28.039588,Device_36,23.81,56.15,1030.84,356,89,0,75.57,Room C
2025-04-26T16:45:28.051047,Device_27,23.66,56.85,1030.48,361,87,0,75.55,Room B
2025-04-26T16:45:28.061177,Device_31,23.84,56.37,1030.81,371,91,0,75.51,Room A
2025-04-26T16:45:28.071340,Device_17,23.73,57.18,1031.13,375,86,0,75.47,Room B
2025-04-26T16:45:28.082378,Device_44,23.78,58.14,1031.53,382,86,0,75.44,Room C
2025-04-26T16:45:28.092493,Device_39,23.73,57.82,1031.93,376,85,0,75.4,Room B
2025-04-26T16:45:28.103108,Device_38,23.92,58.75,1032.2,374,87,0,75.39,Room A
2025-04-26T16:45:28.113270,Device_4,23.94,58.65,1031.97,373,83,0,75.34,Outside
2025-04-26T16:45:28.123444,Device_28,24.09,58.5,1032.07,372,79,0,75.33,Room A
2025-04-26T16:45:28.133590,Device_48,23.93,58.35,1031.74,376,84,0,75.29,Room B
2025-04-26T16:45:28.145082,Device_13,24.01,58.88,1031.99,380,86,0,75.26,Room A
2025-04-26T16:45:28.155228,Device_31,24.09,59.53,1032.15,372,81,0,75.21,Room B
2025-04-26T16:45:28.165560,Device_27,24.18,59.83,1032.39,371,85,0,75.17,Room C
2025-04-26T16:45:28.177087,Device_41,24.25,59.43,1032.61,368,81,0,75.16,Room C
2025-04-26T16:45:28.187207,Device_39,24.12,58.82,1032.3,359,82,0,75.12,Room A
2025-04-26T16:45:28.197367,Device_26,24.23,59.51,1031.87,365,78,0,75.07,Outside
2025-04-26T16:45:28.207465,Device_36,24.37,60.41,1031.54,367,73,0,75.02,Outside
2025-04-26T16:45:28.217627,Device_7,24.39,60.85,1031.91,369,69,0,75.0,Outside
2025-04-26T16:45:28.227784,Device_43,24.37,61.28,1031.81,375,69,0,74.99,Outside
2025-04-26T16:45:28.238262,Device_21,24.33,60.75,1032.03,372,68,0,74.97,Room C
2025-04-26T16:45:28.249717,Device_15,24.49,60.25,1031.68,366,69,0,74.95,Room B
2025-04-26T16:45:28.259879,Device_27,24.6,60.35,1031.86,374,71,0,74.91,Outside
2025-04-26T16:45:28.270034,Device_17,24.62,60.0,1032.24,381,66,0,74.9,Room A
2025-04-26T16:45:28.280186,Device_16,24.77,59.7,1032.08,389,62,0,74.86,Room C
2025-04-26T16:45:28.290820,Device_38,24.59,58.8,1032.13,393,59,0,74.82,Room B
2025-04-26T16:45:28.300986,Device_8,24.4,58.35,1031.81,402,64,0,74.81,Outside
2025-04-26T16:45:28.311102,Device_47,24.22,58.51,1032.27,392,59,0,74.78,Room B
2025-04-26T16:45:28.321227,Device_28,24.16,58.92,1032.34,402,54,0,74.76,Room B
2025-04-26T16:45:28.331408,Device_27,24.24,58.32,1032.51,400,54,0,74.71,Room C
2025-04-26T16:45:28.341573,Device_41,24.35,58.37,1032.38,398,55,0,74.68,Outside
2025-04-26T16:45:28.352726,Device_41,24.16,59.36,1032.7,398,55,0,74.64,Room B
2025-04-26T16:45:28.362890,Device_10,24.3,59.93,1032.49,406,54,0,74.62,Room B
2025-04-26T16:45:28.373050,Device_40,24.34,60.26,1032.64,404,55,0,74.61,Room A
2025-04-26T16:45:28.383199,Device_17,24.36,60.0,1032.58,414,51,0,74.58,Room C
2025-04-26T16:45:28.393358,Device_6,24.5,59.84,1032.98,411,52,0,74.54,Room C
2025-04-26T16:45:28.403491,Device_20,24.4,59.59,1032.75,403,119,0,74.49,Room C
2025-04-26T16:45:28.413629,Device_28,24.51,58.73,1032.82,394,120,0,74.48,Outside
2025-04-26T16:45:28.423782,Device_27,24.69,58.32,1033.02,390,116,0,74.44,Outside
2025-04-26T16:45:28.433913,Device_10,24.52,58.99,1033.22,399,120,0,74.43,Room B
2025-04-26T16:45:28.444003,Device_9,24.4,58.7,1032.89,405,120,0,74.4,Room A
2025-04-26T16:45:28.454066,Device_11,24.26,58.52,1033.0,403,118,0,74.38,Room C
2025-04-26T16:45:28.464226,Device_6,24.41,58.82,1032.89,400,120,0,74.33,Room A
2025-04-26T16:45:28.474392,Device_43,24.38,59.31,1033.18,399,120,0,74.31,Room C
2025-04-26T16:45:28.484532,Device_2,24.46,58.93,1032.74,391,119,0,74.3,Outside
2025-04-26T16:45:28.494706,Device_18,24.28,59.66,1032.46,397,120,0,74.29,Outside
2025-04-26T16:45:28.504855,Device_8,24.43,60.54,1032.1,390,120,0,74.26,Outside
2025-04-26T16:45:28.515026,Device_43,24.36,61.12,1032.1,382,119,0,74.22,Room A
2025-04-26T16:45:28.525173,Device_44,24.35,60.55,1032.28,375,114,0,74.2,Room C
2025-04-26T16:45:28.535329,Device_14,24.53,60.66,1031.91,383,112,0,74.17,Room A
2025-04-26T16:45:28.545460,Device_2,24.53,60.55,1031.67,389,108,0,74.14,Room B
2025-04-26T16:45:28.555586,Device_8,24.49,60.54,1031.34,390,103,0,74.12,Room C
2025-04-26T16:45:28.565724,Device_14,24.65,61.46,1030.91,392,106,0,74.07,Room B
2025-04-26T16:45:28.575877,Device_43,24.8,61.06,1030.78,388,101,0,74.04,Outside
2025-04-26T16:45:28.586010,Device_45,24.66,61.16,1031.03,389,101,0,73.99,Room C
2025-04-26T16:45:28.596139,Device_38,24.61,62.08,1031.28,380,103,0,73.96,Outside
2025-04-26T16:45:28.606253,Device_2,24.62,62.18,1031.37,389,102,0,73.94,Outside
2025-04-26T16:45:28.616373,Device_8,24.67,61.83,1031.09,386,102,0,73.91,Room A
2025-04-26T16:45:28.626495,Device_41,24.7,61.48,1030.88,384,102,0,73.88,Room B
2025-04-26T16:45:28.636607,Device_28,24.83,61.54,1030.69,384,106,0,73.84,Room C
2025-04-26T16:45:28.646707,Device_18,25.03,60.92,1031.15,376,106,0,73.81,Room C
2025-04-26T16:45:28.656818,Device_3,24.96,60.7,1030.85,369,103,0,73.76,Room C
2025-04-26T16:45:28.666955,Device_2,25.04,61.35,1031.11,361,107,0,73.72,Outside
2025-04-26T16:45:28.677092,Device_22,24.85,62.3,1031.6,362,107,0,73.7,Room B
2025-04-26T16:45:28.687206,Device_5,24.88,63.03,1031.69,355,103,0,73.66,Outside
2025-04-26T16:45:28.697302,Device_16,24.9,63.69,1031.82,360,106,0,73.64,Room A
2025-04-26T16:45:28.707398,Device_28,25.04,64.06,1032.05,363,109,0,73.59,Room C
2025-04-26T16:45:28.717527,Device_28,25.06,64.93,1031.89,370,106,0,73.56,Room C
2025-04-26T16:45:28.727637,Device_31,25.2,64.68,1031.46,371,106,0,73.52,Room C
2025-04-26T16:45:28.737732,Device_20,25.3,65.38,1031.65,378,110,0,73.51,Outside
2025-04-26T16:45:28.747826,Device_15,25.27,64.74,1031.54,383,120,0,73.49,Room B
2025-04-26T16:45:28.757927,Device_2,25.17,65.35,1031.48,376,115,0,73.45,Room C
2025-04-26T16:45:28.768061,Device_23,25.07,65.74,1031.95,376,114,0,73.43,Room B
2025-04-26T16:45:28.778187,Device_40,25.15,64.94,1032.17,374,119,0,73.4,Outside
2025-04-26T16:45:28.788280,Device_35,25.08,64.44,1032.26,374,119,0,73.39,Room B
2025-04-26T16:45:28.798374,Device_42,24.97,65.25,1032.11,364,120,0,73.36,Room C
2025-04-26T16:45:28.808495,Device_39,24.9,64.5,1031.7,367,115,0,73.31,Room A
2025-04-26T16:45:28.818725,Device_3,24.81,63.64,1031.63,358,116,0,73.27,Outside
2025-04-26T16:45:28.828863,Device_21,24.98,64.24,1031.77,368,116,0,73.23,Room B
2025-04-26T16:45:28.839028,Device_14,25.13,63.43,1031.51,358,120,0,73.22,Outside
2025-04-26T16:45:28.849170,Device_10,25.19,63.96,1031.99,365,119,0,73.17,Outside
2025-04-26T16:45:28.859266,Device_18,25.28,63.72,1031.63,361,120,0,73.16,Room A
2025-04-26T16:45:28.869359,Device_8,25.48,64.09,1031.73,364,117,0,73.14,Outside
2025-04-26T16:45:28.879448,Device_12,25.67,63.98,1031.45,370,116,0,73.1,Room C
2025-04-26T16:45:28.889537,Device_16,25.5,63.97,1031.05,362,119,0,73.07,Room B
2025-04-26T16:45:28.899629,Device_44,25.64,63.08,1031.16,363,118,0,73.04,Room B
2025-04-26T16:45:28.909730,Device_25,25.77,63.82,1030.89,370,119,0,73.01,Room B
2025-04-26T16:45:28.919833,Device_47,25.7,64.75,1030.63,365,118,0,72.96,Room C
2025-04-26T16:45:28.929966,Device_44,25.53,64.38,1030.79,365,113,0,72.94,Room B
2025-04-26T16:45:28.940134,Device_45,25.7,63.8,1030.46,373,113,0,72.89,Room A
2025-04-26T16:45:28.950290,Device_38,25.64,64.48,1030.48,372,109,0,72.85,Room B
2025-04-26T16:45:28.960446,Device_43,25.51,63.72,1030.63,373,105,0,72.8,Outside
2025-04-26T16:45:28.970618,Device_7,25.44,63.01,1030.23,371,104,0,72.78,Outside
2025-04-26T16:45:28.980804,Device_50,25.38,62.44,1030.52,376,104,0,72.75,Room A
2025-04-26T16:45:28.990952,Device_24,25.44,63.3,1030.5,372,104,0,72.7,Outside
2025-04-26T16:45:29.001122,Device_12,25.55,63.34,1030.47,370,100,0,72.66,Room A
2025-04-26T16:45:29.011286,Device_45,25.61,62.71,1030.27,379,103,0,72.62,Room C
2025-04-26T16:45:29.021442,Device_42,25.65,62.54,1030.24,376,108,0,72.57,Outside
2025-04-26T16:45:29.031555,Device_5,25.6,62.79,1030.08,382,108,0,72.55,Room A
2025-04-26T16:45:29.041728,Device_40,25.54,63.57,1029.65,378,104,0,72.53,Room B
2025-04-26T16:45:29.051889,Device_1,25.65,63.24,1029.28,380,103,0,72.49,Room B
2025-04-26T16:45:29.062017,Device_2,25.76,63.34,1029.13,387,106,0,72.48,Room B
2025-04-26T16:45:29.072115,Device_49,25.7,62.58,1029.44,388,109,0,72.43,Room A
2025-04-26T16:45:29.082214,Device_22,25.63,62.25,1029.19,385,114,0,72.42,Room C
2025-04-26T16:45:29.092306,Device_39,25.72,62.54,1029.15,390,109,0,72.41,Room A
2025-04-26T16:45:29.102388,Device_7,25.66,62.28,1029.31,396,120,0,72.4,Room C
2025-04-26T16:45:29.112486,Device_22,25.63,62.97,1029.36,398,115,0,72.37,Room A
2025-04-26T16:45:29.122619,Device_44,25.82,62.64,1029.61,395,110,0,72.33,Room B
2025-04-26T16:45:29.132728,Device_41,25.73,63.07,1029.7,403,112,0,72.31,Room B
2025-04-26T16:45:29.142904,Device_36,25.92,63.71,1030.01,410,117,0,72.3,Room A
2025-04-26T16:45:29.153062,Device_4,26.11,64.44,1029.86,409,118,0,72.27,Room B
2025-04-26T16:45:29.163242,Device_22,26.14,65.42,1029.49,404,117,0,72.23,Room A
2025-04-26T16:45:29.173387,Device_32,26.24,64.46,1029.33,407,119,0,72.21,Room C
2025-04-26T16:45:29.183503,Device_8,26.23,64.19,1029.19,413,117,0,72.17,Room B
2025-04-26T16:45:29.193653,Device_23,26.37,64.27,1029.41,410,114,0,72.16,Outside
2025-04-26T16:45:29.203824,Device_8,26.54,63.94,1029.26,400,118,0,72.12,Room B
2025-04-26T16:45:29.213956,Device_10,26.38,62.97,1029.1,400,116,0,72.08,Room C
2025-04-26T16:45:29.224063,Device_29,26.55,63.55,1028.68,400,116,0,72.06,Outside
2025-04-26T16:45:29.234194,Device_19,26.4,62.67,1028.41,401,120,1,72.04,Room C
2025-04-26T16:45:29.244298,Device_34,26.58,61.99,1028.51,398,118,0,72.0,Room A
2025-04-26T16:45:29.254394,Device_30,26.75,62.24,1028.18,407,120,0,71.98,Room B
2025-04-26T16:45:29.264495,Device_3,26.74,61.81,1028.05,417,120,0,71.96,Room C
2025-04-26T16:45:29.274598,Device_4,26.93,60.86,1027.82,412,115,0,71.94,Outside
2025-04-26T16:45:29.284699,Device_45,27.02,61.51,1027.48,410,119,0,71.89,Outside
2025-04-26T16:45:29.294798,Device_49,27.0,60.76,1027.1,413,120,0,71.86,Outside
2025-04-26T16:45:29.304899,Device_11,26.93,61.52,1026.71,403,118,0,71.81,Outside
2025-04-26T16:45:29.314998,Device_29,26.95,60.72,1026.54,394,120,0,71.79,Outside
2025-04-26T16:45:29.325170,Device_2,27.08,60.11,1026.72,403,120,0,71.76,Room A
2025-04-26T16:45:29.335318,Device_29,27.14,59.34,1026.49,399,115,0,71.74,Room B
2025-04-26T16:45:29.345498,Device_2,27.26,58.78,1026.01,404,118,0,71.72,Room A
2025-04-26T16:45:29.355886,Device_49,27.28,58.02,1026.1,407,119,0,71.71,Room C
2025-04-26T16:45:29.366066,Device_40,27.45,58.94,1025.82,407,116,0,71.67,Room C
2025-04-26T16:45:29.376237,Device_8,27.51,58.34,1026.04,415,113,0,71.63,Room C
2025-04-26T16:45:29.386379,Device_35,27.44,58.87,1026.22,418,109,0,71.59,Outside
2025-04-26T16:45:29.396518,Device_15,27.27,59.24,1026.49,425,108,0,71.54,Room B
2025-04-26T16:45:29.406680,Device_1,27.18,59.4,1026.16,418,113,0,71.51,Room A
2025-04-26T16:45:29.416851,Device_45,27.32,58.59,1026.46,411,117,0,71.47,Room B
2025-04-26T16:45:29.426991,Device_43,27.19,59.55,1026.75,417,118,0,71.46,Room C
2025-04-26T16:45:29.437129,Device_35,27.29,58.65,1026.7,417,115,0,71.43,Room C
2025-04-26T16:45:29.447264,Device_48,27.25,57.72,1026.71,420,118,0,71.39,Room C
2025-04-26T16:45:29.457429,Device_36,27.26,58.15,1026.65,427,118,0,71.35,Room A
2025-04-26T16:45:29.467595,Device_49,27.31,58.42,1027.07,419,118,0,71.33,Outside
2025-04-26T16:45:29.477728,Device_22,27.22,57.87,1026.6,428,114,0,71.29,Room C
2025-04-26T16:45:29.487899,Device_48,27.37,58.31,1026.68,419,116,0,71.27,Room C
2025-04-26T16:45:29.498049,Device_8,27.36,57.39,1026.89,423,120,0,71.24,Outside
2025-04-26T16:45:29.508158,Device_5,27.47,57.85,1026.77,413,118,0,71.21,Room A
2025-04-26T16:45:29.518259,Device_33,27.64,58.57,1026.49,413,117,0,71.16,Outside
2025-04-26T16:45:29.528371,Device_30,27.83,59.18,1026.2,409,114,0,71.15,Outside
2025-04-26T16:45:29.538549,Device_49,27.9,58.86,1025.79,406,116,0,71.1,Room C
2025-04-26T16:45:29.548727,Device_34,27.89,58.95,1026.1,403,120,0,71.06,Room B
2025-04-26T16:45:29.558906,Device_16,28.02,58.05,1026.22,400,120,0,71.04,Room A
2025-04-26T16:45:29.569083,Device_14,28.13,57.74,1026.24,391,120,1,71.02,Room C
2025-04-26T16:45:29.579252,Device_19,28.13,58.65,1025.94,390,118,0,71.01,Room C
2025-04-26T16:45:29.589392,Device_36,28.02,58.01,1026.28,384,120,0,70.98,Room B
2025-04-26T16:45:29.599501,Device_29,27.95,57.99,1025.97,392,120,0,70.96,Room A
2025-04-26T16:45:29.609640,Device_28,27.99,58.3,1025.48,389,116,0,70.92,Room C
2025-04-26T16:45:29.619795,Device_44,27.8,59.2,1025.12,390,120,0,70.89,Outside
2025-04-26T16:45:29.629906,Device_43,28.0,58.88,1025.54,397,120,0,70.86,Outside
2025-04-26T16:45:29.640055,Device_29,28.01,59.33,1026.02,403,120,0,70.83,Room C
2025-04-26T16:45:29.650204,Device_46,28.03,58.57,1026.5,410,115,0,70.8,Room A
2025-04-26T16:45:29.660362,Device_8,28.1,58.25,1026.21,418,119,0,70.75,Outside
2025-04-26T16:45:29.670545,Device_26,28.13,58.82,1026.39,427,120,0,70.72,Room A
2025-04-26T16:45:29.680716,Device_3,28.17,59.31,1026.62,423,120,0,70.68,Room A
2025-04-26T16:45:29.690900,Device_31,28.31,59.58,1026.28,415,120,0,70.66,Room A
2025-04-26T16:45:29.701094,Device_30,28.5,59.99,1025.86,420,118,0,70.62,Outside
2025-04-26T16:45:29.711256,Device_39,28.59,60.14,1025.7,415,114,0,70.57,Room A
2025-04-26T16:45:29.721424,Device_46,28.79,59.32,1025.28,425,115,0,70.53,Room A
2025-04-26T16:45:29.731808,Device_15,28.67,60.09,1025.28,431,110,0,70.48,Room C
2025-04-26T16:45:29.741981,Device_28,28.69,59.36,1025.25,425,108,0,70.43,Outside
2025-04-26T16:45:29.752747,Device_42,28.57,59.0,1025.01,421,110,0,70.41,Room B
2025-04-26T16:45:29.762979,Device_4,28.41,58.58,1025.06,426,105,0,70.38,Room B
2025-04-26T16:45:29.773150,Device_11,28.3,57.6,1025.05,418,100,0,70.34,Room A
2025-04-26T16:45:29.783327,Device_15,28.26,57.77,1025.39,408,102,0,70.29,Outside
2025-04-26T16:45:29.793649,Device_24,28.29,58.35,1025.52,403,104,0,70.25,Outside
